branch_id,branch_name,city,state,manager_name
B001,Kolkata Finance Branch 1,Kolkata,West Bengal,Biju Goyal
B002,Mumbai Finance Branch 2,Mumbai,Maharashtra,Keya Sabharwal
B003,Kochi Finance Branch 3,Kochi,Kerala,Nishith Rao
B004,Mumbai Finance Branch 4,Mumbai,Maharashtra,Arnav Thaker
B005,Lucknow Finance Branch 5,Lucknow,Uttar Pradesh,Jhanvi Borah
B006,Kolkata Finance Branch 6,Kolkata,West Bengal,Saira Chakrabarti
B007,Hyderabad Finance Branch 7,Hyderabad,Telangana,Kaira Kumar
B008,Kolkata Finance Branch 8,Kolkata,West Bengal,Shayak Lall
B009,Delhi Finance Branch 9,Delhi,Delhi,Lagan Butala
B010,Pune Finance Branch 10,Pune,Maharashtra,Zara Borde
B011,Kolkata Finance Branch 11,Kolkata,West Bengal,Anya Gokhale
B012,Chandigarh Finance Branch 12,Chandigarh,Punjab,Advik Kohli
B013,Jaipur Finance Branch 13,Jaipur,Rajasthan,Piya Dutta
B014,Mumbai Finance Branch 14,Mumbai,Maharashtra,Shalv Kara
B015,Chandigarh Finance Branch 15,Chandigarh,Punjab,Dharmajan Bedi
B016,Lucknow Finance Branch 16,Lucknow,Uttar Pradesh,Indranil Buch
B017,Delhi Finance Branch 17,Delhi,Delhi,Hiran Ramesh
B018,Pune Finance Branch 18,Pune,Maharashtra,Hazel Sunder
B019,Lucknow Finance Branch 19,Lucknow,Uttar Pradesh,Azad Randhawa
B020,Hyderabad Finance Branch 20,Hyderabad,Telangana,Bhamini Sharaf
B021,Mumbai Finance Branch 21,Mumbai,Maharashtra,Mehul Bajaj
B022,Pune Finance Branch 22,Pune,Maharashtra,Vidur Dani
B023,Mumbai Finance Branch 23,Mumbai,Maharashtra,Drishya Sundaram
B024,Chandigarh Finance Branch 24,Chandigarh,Punjab,Kavya Mallick
B025,Chandigarh Finance Branch 25,Chandigarh,Punjab,Miraya Mallick
B026,Kochi Finance Branch 26,Kochi,Kerala,Nayantara Tella
B027,Hyderabad Finance Branch 27,Hyderabad,Telangana,Diya Master
B028,Kochi Finance Branch 28,Kochi,Kerala,Taimur Krishnamurthy
B029,Jaipur Finance Branch 29,Jaipur,Rajasthan,Vihaan Deol
B030,Patna Finance Branch 30,Patna,Bihar,Alia Krishnan
B031,Kochi Finance Branch 31,Kochi,Kerala,Kabir Bandi
B032,Patna Finance Branch 32,Patna,Bihar,Suhana Mall
B033,Chandigarh Finance Branch 33,Chandigarh,Punjab,Hansh Khosla
B034,Chandigarh Finance Branch 34,Chandigarh,Punjab,Tanya Bir
B035,Delhi Finance Branch 35,Delhi,Delhi,Oorja Raman
B036,Kochi Finance Branch 36,Kochi,Kerala,Ivan Bhandari
B037,Hyderabad Finance Branch 37,Hyderabad,Telangana,Aarna Kannan
B038,Kolkata Finance Branch 38,Kolkata,West Bengal,Kiara Anand
B039,Lucknow Finance Branch 39,Lucknow,Uttar Pradesh,Anahi Bali
B040,Kochi Finance Branch 40,Kochi,Kerala,Purab Choudhary
B041,Kolkata Finance Branch 41,Kolkata,West Bengal,Miraan Lall
B042,Patna Finance Branch 42,Patna,Bihar,Purab Hora
B043,Hyderabad Finance Branch 43,Hyderabad,Telangana,Amani Bhatia
B044,Lucknow Finance Branch 44,Lucknow,Uttar Pradesh,Vivaan Sama
B045,Lucknow Finance Branch 45,Lucknow,Uttar Pradesh,Ehsaan Mander
B046,Kochi Finance Branch 46,Kochi,Kerala,Armaan Vora
B047,Lucknow Finance Branch 47,Lucknow,Uttar Pradesh,Manjari Suri
B048,Kolkata Finance Branch 48,Kolkata,West Bengal,Dharmajan Ahluwalia
B049,Mumbai Finance Branch 49,Mumbai,Maharashtra,Eshani Date
B050,Patna Finance Branch 50,Patna,Bihar,Devansh Lall
B051,Jaipur Finance Branch 51,Jaipur,Rajasthan,Jivika Mandal
B052,Delhi Finance Branch 52,Delhi,Delhi,Aarna Soman
B053,Lucknow Finance Branch 53,Lucknow,Uttar Pradesh,Shanaya Sahni
B054,Patna Finance Branch 54,Patna,Bihar,Divyansh Singhal
B055,Patna Finance Branch 55,Patna,Bihar,Nitya Sekhon
B056,Chandigarh Finance Branch 56,Chandigarh,Punjab,Urvi Khosla
B057,Patna Finance Branch 57,Patna,Bihar,Aayush Datta
B058,Hyderabad Finance Branch 58,Hyderabad,Telangana,Kavya Kanda
B059,Chandigarh Finance Branch 59,Chandigarh,Punjab,Dhruv Sangha
B060,Jaipur Finance Branch 60,Jaipur,Rajasthan,Vivaan Bawa
B061,Pune Finance Branch 61,Pune,Maharashtra,Khushi Shukla
B062,Patna Finance Branch 62,Patna,Bihar,Dhanush Arora
B063,Kochi Finance Branch 63,Kochi,Kerala,Ranbir Sundaram
B064,Lucknow Finance Branch 64,Lucknow,Uttar Pradesh,Divit Raju
B065,Jaipur Finance Branch 65,Jaipur,Rajasthan,Shayak Chhabra
B066,Jaipur Finance Branch 66,Jaipur,Rajasthan,Samaira Bhardwaj
B067,Pune Finance Branch 67,Pune,Maharashtra,Yakshit Tella
B068,Mumbai Finance Branch 68,Mumbai,Maharashtra,Inaaya  Bava
B069,Mumbai Finance Branch 69,Mumbai,Maharashtra,Miraan Hegde
B070,Jaipur Finance Branch 70,Jaipur,Rajasthan,Indranil Kumar
B071,Kolkata Finance Branch 71,Kolkata,West Bengal,Tejas Dixit
B072,Lucknow Finance Branch 72,Lucknow,Uttar Pradesh,Hrishita Kar
B073,Hyderabad Finance Branch 73,Hyderabad,Telangana,Myra Agrawal
B074,Pune Finance Branch 74,Pune,Maharashtra,Drishya Dixit
B075,Pune Finance Branch 75,Pune,Maharashtra,Hridaan Sankar
B076,Hyderabad Finance Branch 76,Hyderabad,Telangana,Himmat Chaudhry
B077,Kochi Finance Branch 77,Kochi,Kerala,Samaira Venkatesh
B078,Delhi Finance Branch 78,Delhi,Delhi,Vaibhav Venkatesh
B079,Mumbai Finance Branch 79,Mumbai,Maharashtra,Raghav Sathe
B080,Pune Finance Branch 80,Pune,Maharashtra,Nayantara Biswas
B081,Hyderabad Finance Branch 81,Hyderabad,Telangana,Nirvi Gupta
B082,Mumbai Finance Branch 82,Mumbai,Maharashtra,Hunar Gulati
B083,Kolkata Finance Branch 83,Kolkata,West Bengal,Adira Dave
B084,Jaipur Finance Branch 84,Jaipur,Rajasthan,Alia Dua
B085,Chandigarh Finance Branch 85,Chandigarh,Punjab,Krish Bhatnagar
B086,Jaipur Finance Branch 86,Jaipur,Rajasthan,Nitya Sehgal
B087,Chandigarh Finance Branch 87,Chandigarh,Punjab,Miraan Badal
B088,Pune Finance Branch 88,Pune,Maharashtra,Advik Karan
B089,Lucknow Finance Branch 89,Lucknow,Uttar Pradesh,Jayesh Sule
B090,Hyderabad Finance Branch 90,Hyderabad,Telangana,Jivika Vasa
B091,Lucknow Finance Branch 91,Lucknow,Uttar Pradesh,Ehsaan Edwin
B092,Hyderabad Finance Branch 92,Hyderabad,Telangana,Yakshit Singh
B093,Kolkata Finance Branch 93,Kolkata,West Bengal,Ranbir Dara
B094,Kochi Finance Branch 94,Kochi,Kerala,Baiju Taneja
B095,Patna Finance Branch 95,Patna,Bihar,Dharmajan Gupta
B096,Kochi Finance Branch 96,Kochi,Kerala,Hazel Saran
B097,Pune Finance Branch 97,Pune,Maharashtra,Pihu Mall
B098,Hyderabad Finance Branch 98,Hyderabad,Telangana,Damini Seth
B099,Delhi Finance Branch 99,Delhi,Delhi,Aaryahi Golla
B100,Delhi Finance Branch 100,Delhi,Delhi,Divyansh Arora
B101,Mumbai Finance Branch 101,Mumbai,Maharashtra,Faiyaz Agrawal
B102,Pune Finance Branch 102,Pune,Maharashtra,Damini Rout
B103,Delhi Finance Branch 103,Delhi,Delhi,Kavya Jaggi
B104,Mumbai Finance Branch 104,Mumbai,Maharashtra,Aaina Gandhi
B105,Patna Finance Branch 105,Patna,Bihar,Lakshay Luthra
B106,Pune Finance Branch 106,Pune,Maharashtra,Manjari Khosla
B107,Pune Finance Branch 107,Pune,Maharashtra,Kiara Som
B108,Delhi Finance Branch 108,Delhi,Delhi,Tejas Sankaran
B109,Jaipur Finance Branch 109,Jaipur,Rajasthan,Siya Roy
B110,Chandigarh Finance Branch 110,Chandigarh,Punjab,Amira Ahuja
B111,Patna Finance Branch 111,Patna,Bihar,Madhup Srivastava
B112,Lucknow Finance Branch 112,Lucknow,Uttar Pradesh,Nehmat Kaul
B113,Patna Finance Branch 113,Patna,Bihar,Samar Ramanathan
B114,Lucknow Finance Branch 114,Lucknow,Uttar Pradesh,Vardaniya Arya
B115,Mumbai Finance Branch 115,Mumbai,Maharashtra,Umang Gole
B116,Hyderabad Finance Branch 116,Hyderabad,Telangana,Divyansh Baral
B117,Lucknow Finance Branch 117,Lucknow,Uttar Pradesh,Devansh Bose
B118,Mumbai Finance Branch 118,Mumbai,Maharashtra,Kartik Date
B119,Hyderabad Finance Branch 119,Hyderabad,Telangana,Mannat Bhat
B120,Patna Finance Branch 120,Patna,Bihar,Amira Ghose
B121,Delhi Finance Branch 121,Delhi,Delhi,Hansh Varghese
B122,Jaipur Finance Branch 122,Jaipur,Rajasthan,Nakul Baral
B123,Lucknow Finance Branch 123,Lucknow,Uttar Pradesh,Kaira Ramaswamy
B124,Chandigarh Finance Branch 124,Chandigarh,Punjab,Eva Dhawan
B125,Jaipur Finance Branch 125,Jaipur,Rajasthan,Kismat Divan
B126,Mumbai Finance Branch 126,Mumbai,Maharashtra,Ryan Sathe
B127,Mumbai Finance Branch 127,Mumbai,Maharashtra,Kismat Joshi
B128,Delhi Finance Branch 128,Delhi,Delhi,Kashvi Bobal
B129,Chandigarh Finance Branch 129,Chandigarh,Punjab,Manikya Balay
B130,Pune Finance Branch 130,Pune,Maharashtra,Pranay Balay
B131,Mumbai Finance Branch 131,Mumbai,Maharashtra,Divyansh Wagle
B132,Patna Finance Branch 132,Patna,Bihar,Onkar Sane
B133,Kochi Finance Branch 133,Kochi,Kerala,Ehsaan Saini
B134,Chandigarh Finance Branch 134,Chandigarh,Punjab,Advika Ben
B135,Kolkata Finance Branch 135,Kolkata,West Bengal,Arhaan Cheema
B136,Pune Finance Branch 136,Pune,Maharashtra,Dhanush Dutta
B137,Delhi Finance Branch 137,Delhi,Delhi,Indranil Mann
B138,Delhi Finance Branch 138,Delhi,Delhi,Amira Sule
B139,Hyderabad Finance Branch 139,Hyderabad,Telangana,Divit Rama
B140,Mumbai Finance Branch 140,Mumbai,Maharashtra,Manjari Saraf
B141,Jaipur Finance Branch 141,Jaipur,Rajasthan,Jayant Master
B142,Patna Finance Branch 142,Patna,Bihar,Anay Kala
B143,Pune Finance Branch 143,Pune,Maharashtra,Badal Sane
B144,Mumbai Finance Branch 144,Mumbai,Maharashtra,Samar Hayer
B145,Chandigarh Finance Branch 145,Chandigarh,Punjab,Vanya Dutta
B146,Jaipur Finance Branch 146,Jaipur,Rajasthan,Drishya Tak
B147,Mumbai Finance Branch 147,Mumbai,Maharashtra,Nayantara Dada
B148,Mumbai Finance Branch 148,Mumbai,Maharashtra,Prisha Wagle
B149,Mumbai Finance Branch 149,Mumbai,Maharashtra,Indranil Jayaraman
B150,Hyderabad Finance Branch 150,Hyderabad,Telangana,Saksham Bhatia
B151,Hyderabad Finance Branch 151,Hyderabad,Telangana,Parinaaz Dey
B152,Lucknow Finance Branch 152,Lucknow,Uttar Pradesh,Mamooty Samra
B153,Patna Finance Branch 153,Patna,Bihar,Ojas Baria
B154,Jaipur Finance Branch 154,Jaipur,Rajasthan,Aarav Dave
B155,Patna Finance Branch 155,Patna,Bihar,Adah Khanna
B156,Patna Finance Branch 156,Patna,Bihar,Bhamini Borra
B157,Mumbai Finance Branch 157,Mumbai,Maharashtra,Tejas Kothari
B158,Kolkata Finance Branch 158,Kolkata,West Bengal,Prerak Sheth
B159,Kochi Finance Branch 159,Kochi,Kerala,Hazel Sama
B160,Delhi Finance Branch 160,Delhi,Delhi,Tushar Bansal
B161,Kochi Finance Branch 161,Kochi,Kerala,Oorja Wali
B162,Patna Finance Branch 162,Patna,Bihar,Yuvaan Shan
B163,Pune Finance Branch 163,Pune,Maharashtra,Ranbir Chandra
B164,Hyderabad Finance Branch 164,Hyderabad,Telangana,Gatik Wali
B165,Chandigarh Finance Branch 165,Chandigarh,Punjab,Rasha Ghosh
B166,Patna Finance Branch 166,Patna,Bihar,Indrans Mander
B167,Jaipur Finance Branch 167,Jaipur,Rajasthan,Aradhya Kibe
B168,Kochi Finance Branch 168,Kochi,Kerala,Tarini Walla
B169,Pune Finance Branch 169,Pune,Maharashtra,Urvi Seshadri
B170,Chandigarh Finance Branch 170,Chandigarh,Punjab,Vaibhav Amble
B171,Mumbai Finance Branch 171,Mumbai,Maharashtra,Tara Shan
B172,Mumbai Finance Branch 172,Mumbai,Maharashtra,Charvi Raval
B173,Patna Finance Branch 173,Patna,Bihar,Amira Deol
B174,Mumbai Finance Branch 174,Mumbai,Maharashtra,Aarush Shah
B175,Kochi Finance Branch 175,Kochi,Kerala,Dhanuk Lata
B176,Jaipur Finance Branch 176,Jaipur,Rajasthan,Ayesha Bora
B177,Hyderabad Finance Branch 177,Hyderabad,Telangana,Ritvik Vaidya
B178,Jaipur Finance Branch 178,Jaipur,Rajasthan,Miraya Jaggi
B179,Hyderabad Finance Branch 179,Hyderabad,Telangana,Purab Khalsa
B180,Patna Finance Branch 180,Patna,Bihar,Tarini Dave
B181,Chandigarh Finance Branch 181,Chandigarh,Punjab,Shray Bera
B182,Lucknow Finance Branch 182,Lucknow,Uttar Pradesh,Abram Basu
B183,Mumbai Finance Branch 183,Mumbai,Maharashtra,Badal Buch
B184,Chandigarh Finance Branch 184,Chandigarh,Punjab,Hridaan Devi
B185,Kolkata Finance Branch 185,Kolkata,West Bengal,Emir Guha
B186,Kochi Finance Branch 186,Kochi,Kerala,Navya Varty
B187,Kochi Finance Branch 187,Kochi,Kerala,Baiju Raj
B188,Kochi Finance Branch 188,Kochi,Kerala,Jayan Hayer
B189,Lucknow Finance Branch 189,Lucknow,Uttar Pradesh,Mamooty Kaur
B190,Delhi Finance Branch 190,Delhi,Delhi,Yuvraj  Kar
B191,Lucknow Finance Branch 191,Lucknow,Uttar Pradesh,Dharmajan Salvi
B192,Chandigarh Finance Branch 192,Chandigarh,Punjab,Anya Varghese
B193,Kolkata Finance Branch 193,Kolkata,West Bengal,Lakshit Buch
B194,Kochi Finance Branch 194,Kochi,Kerala,Veer Kothari
B195,Kolkata Finance Branch 195,Kolkata,West Bengal,Fateh Kala
B196,Chandigarh Finance Branch 196,Chandigarh,Punjab,Ritvik Dyal
B197,Jaipur Finance Branch 197,Jaipur,Rajasthan,Krish Karnik
B198,Lucknow Finance Branch 198,Lucknow,Uttar Pradesh,Kaira Sunder
B199,Delhi Finance Branch 199,Delhi,Delhi,Ela Chandran
B200,Chandigarh Finance Branch 200,Chandigarh,Punjab,Nayantara Wable
B201,Pune Finance Branch 201,Pune,Maharashtra,Anya Mander
B202,Jaipur Finance Branch 202,Jaipur,Rajasthan,Rhea Walia
B203,Mumbai Finance Branch 203,Mumbai,Maharashtra,Khushi Shankar
B204,Chandigarh Finance Branch 204,Chandigarh,Punjab,Lagan Sidhu
B205,Pune Finance Branch 205,Pune,Maharashtra,Hunar Mand
B206,Kochi Finance Branch 206,Kochi,Kerala,Jiya Bail
B207,Mumbai Finance Branch 207,Mumbai,Maharashtra,Vivaan Vig
B208,Kolkata Finance Branch 208,Kolkata,West Bengal,Vihaan Goyal
B209,Delhi Finance Branch 209,Delhi,Delhi,Urvi Bose
B210,Hyderabad Finance Branch 210,Hyderabad,Telangana,Gokul Malhotra
B211,Hyderabad Finance Branch 211,Hyderabad,Telangana,Farhan Dara
B212,Patna Finance Branch 212,Patna,Bihar,Jivin Kohli
B213,Jaipur Finance Branch 213,Jaipur,Rajasthan,Zaina Krishna
B214,Kochi Finance Branch 214,Kochi,Kerala,Kashvi Johal
B215,Jaipur Finance Branch 215,Jaipur,Rajasthan,Arhaan Ahuja
B216,Hyderabad Finance Branch 216,Hyderabad,Telangana,Priyansh Kala
B217,Kolkata Finance Branch 217,Kolkata,West Bengal,Samiha Sandal
B218,Patna Finance Branch 218,Patna,Bihar,Shray Raval
B219,Pune Finance Branch 219,Pune,Maharashtra,Akarsh Luthra
B220,Mumbai Finance Branch 220,Mumbai,Maharashtra,Renee Khurana
B221,Delhi Finance Branch 221,Delhi,Delhi,Vritika Ghosh
B222,Kochi Finance Branch 222,Kochi,Kerala,Anahi Sinha
B223,Mumbai Finance Branch 223,Mumbai,Maharashtra,Neysa Amble
B224,Delhi Finance Branch 224,Delhi,Delhi,Hrishita Agrawal
B225,Lucknow Finance Branch 225,Lucknow,Uttar Pradesh,Jivika Tailor
B226,Chandigarh Finance Branch 226,Chandigarh,Punjab,Rasha Gour
B227,Delhi Finance Branch 227,Delhi,Delhi,Piya Toor
B228,Delhi Finance Branch 228,Delhi,Delhi,Krish Garde
B229,Jaipur Finance Branch 229,Jaipur,Rajasthan,Yuvaan Bajaj
B230,Kolkata Finance Branch 230,Kolkata,West Bengal,Aarna Apte
B231,Lucknow Finance Branch 231,Lucknow,Uttar Pradesh,Jayant Walia
B232,Kolkata Finance Branch 232,Kolkata,West Bengal,Shamik Grewal
B233,Jaipur Finance Branch 233,Jaipur,Rajasthan,Renee Suri
B234,Jaipur Finance Branch 234,Jaipur,Rajasthan,Tara Issac
B235,Jaipur Finance Branch 235,Jaipur,Rajasthan,Aradhya Kala
B236,Mumbai Finance Branch 236,Mumbai,Maharashtra,Amani Das
B237,Kolkata Finance Branch 237,Kolkata,West Bengal,Sara Suri
B238,Kolkata Finance Branch 238,Kolkata,West Bengal,Dhanuk Seshadri
B239,Kochi Finance Branch 239,Kochi,Kerala,Riya Vasa
B240,Patna Finance Branch 240,Patna,Bihar,Jayan Kumar
B241,Lucknow Finance Branch 241,Lucknow,Uttar Pradesh,Saira Sahota
B242,Mumbai Finance Branch 242,Mumbai,Maharashtra,Ryan Tiwari
B243,Lucknow Finance Branch 243,Lucknow,Uttar Pradesh,Lavanya Ghosh
B244,Mumbai Finance Branch 244,Mumbai,Maharashtra,Charvi Korpal
B245,Kolkata Finance Branch 245,Kolkata,West Bengal,Ranbir Srinivasan
B246,Chandigarh Finance Branch 246,Chandigarh,Punjab,Yasmin Saha
B247,Patna Finance Branch 247,Patna,Bihar,Anahi Barman
B248,Kolkata Finance Branch 248,Kolkata,West Bengal,Taran Gala
B249,Hyderabad Finance Branch 249,Hyderabad,Telangana,Heer Ganguly
B250,Jaipur Finance Branch 250,Jaipur,Rajasthan,Rati Subramanian
B251,Kochi Finance Branch 251,Kochi,Kerala,Vritika Sahota
B252,Mumbai Finance Branch 252,Mumbai,Maharashtra,Veer Balan
B253,Lucknow Finance Branch 253,Lucknow,Uttar Pradesh,Gatik Grewal
B254,Jaipur Finance Branch 254,Jaipur,Rajasthan,Sumer Samra
B255,Chandigarh Finance Branch 255,Chandigarh,Punjab,Divyansh Gade
B256,Delhi Finance Branch 256,Delhi,Delhi,Himmat Goel
B257,Chandigarh Finance Branch 257,Chandigarh,Punjab,Neelofar Dugal
B258,Mumbai Finance Branch 258,Mumbai,Maharashtra,Prerak Gopal
B259,Jaipur Finance Branch 259,Jaipur,Rajasthan,Pranay Wable
B260,Mumbai Finance Branch 260,Mumbai,Maharashtra,Purab Samra
B261,Pune Finance Branch 261,Pune,Maharashtra,Amani Dewan
B262,Kochi Finance Branch 262,Kochi,Kerala,Mishti Ramanathan
B263,Kochi Finance Branch 263,Kochi,Kerala,Ishaan Ray
B264,Delhi Finance Branch 264,Delhi,Delhi,Anay Sinha
B265,Lucknow Finance Branch 265,Lucknow,Uttar Pradesh,Jivika Goswami
B266,Patna Finance Branch 266,Patna,Bihar,Rati Sheth
B267,Mumbai Finance Branch 267,Mumbai,Maharashtra,Yuvraj  Sheth
B268,Delhi Finance Branch 268,Delhi,Delhi,Indranil Bhargava
B269,Patna Finance Branch 269,Patna,Bihar,Sahil Grewal
B270,Delhi Finance Branch 270,Delhi,Delhi,Riaan Gour
B271,Patna Finance Branch 271,Patna,Bihar,Emir Hayer
B272,Pune Finance Branch 272,Pune,Maharashtra,Drishya Jayaraman
B273,Hyderabad Finance Branch 273,Hyderabad,Telangana,Vaibhav De
B274,Kolkata Finance Branch 274,Kolkata,West Bengal,Aradhya Dhillon
B275,Kolkata Finance Branch 275,Kolkata,West Bengal,Shamik Garg
B276,Lucknow Finance Branch 276,Lucknow,Uttar Pradesh,Arnav Shere
B277,Patna Finance Branch 277,Patna,Bihar,Prerak Zachariah
B278,Hyderabad Finance Branch 278,Hyderabad,Telangana,Divit Gopal
B279,Patna Finance Branch 279,Patna,Bihar,Nirvaan Ray
B280,Lucknow Finance Branch 280,Lucknow,Uttar Pradesh,Ishaan Sagar
B281,Mumbai Finance Branch 281,Mumbai,Maharashtra,Aniruddh Banerjee
B282,Delhi Finance Branch 282,Delhi,Delhi,Baiju Yadav
B283,Hyderabad Finance Branch 283,Hyderabad,Telangana,Anaya Sehgal
B284,Jaipur Finance Branch 284,Jaipur,Rajasthan,Badal Buch
B285,Lucknow Finance Branch 285,Lucknow,Uttar Pradesh,Taimur Chadha
B286,Kolkata Finance Branch 286,Kolkata,West Bengal,Indranil Dubey
B287,Mumbai Finance Branch 287,Mumbai,Maharashtra,Adira Keer
B288,Lucknow Finance Branch 288,Lucknow,Uttar Pradesh,Manjari Iyengar
B289,Kochi Finance Branch 289,Kochi,Kerala,Chirag Raval
B290,Mumbai Finance Branch 290,Mumbai,Maharashtra,Ehsaan Upadhyay
B291,Pune Finance Branch 291,Pune,Maharashtra,Renee Bakshi
B292,Pune Finance Branch 292,Pune,Maharashtra,Vedika Sodhi
B293,Kolkata Finance Branch 293,Kolkata,West Bengal,Badal Ganguly
B294,Hyderabad Finance Branch 294,Hyderabad,Telangana,Ritvik Rana
B295,Delhi Finance Branch 295,Delhi,Delhi,Ehsaan Sharma
B296,Pune Finance Branch 296,Pune,Maharashtra,Kismat Raman
B297,Kochi Finance Branch 297,Kochi,Kerala,Vanya Warrior
B298,Patna Finance Branch 298,Patna,Bihar,Adah Sidhu
B299,Hyderabad Finance Branch 299,Hyderabad,Telangana,Tara Sachdev
B300,Patna Finance Branch 300,Patna,Bihar,Myra Manda
B301,Lucknow Finance Branch 301,Lucknow,Uttar Pradesh,Urvi Baria
B302,Mumbai Finance Branch 302,Mumbai,Maharashtra,Sahil Saran
B303,Kochi Finance Branch 303,Kochi,Kerala,Parinaaz Walia
B304,Mumbai Finance Branch 304,Mumbai,Maharashtra,Neysa Gole
B305,Chandigarh Finance Branch 305,Chandigarh,Punjab,Adira Basak
B306,Kolkata Finance Branch 306,Kolkata,West Bengal,Ira Kanda
B307,Delhi Finance Branch 307,Delhi,Delhi,Samaira Bhargava
B308,Delhi Finance Branch 308,Delhi,Delhi,Kavya Baria
B309,Delhi Finance Branch 309,Delhi,Delhi,Gokul Dugar
B310,Chandigarh Finance Branch 310,Chandigarh,Punjab,Shray Sampath
B311,Delhi Finance Branch 311,Delhi,Delhi,Yuvraj  Mallick
B312,Pune Finance Branch 312,Pune,Maharashtra,Neysa Thakur
B313,Hyderabad Finance Branch 313,Hyderabad,Telangana,Adah Singh
B314,Jaipur Finance Branch 314,Jaipur,Rajasthan,Ira Mani
B315,Patna Finance Branch 315,Patna,Bihar,Diya Krish
B316,Patna Finance Branch 316,Patna,Bihar,Nishith Gola
B317,Delhi Finance Branch 317,Delhi,Delhi,Prisha Sheth
B318,Kolkata Finance Branch 318,Kolkata,West Bengal,Sahil Bobal
B319,Jaipur Finance Branch 319,Jaipur,Rajasthan,Indrajit Joshi
B320,Chandigarh Finance Branch 320,Chandigarh,Punjab,Indranil Sabharwal
B321,Hyderabad Finance Branch 321,Hyderabad,Telangana,Saksham Sodhi
B322,Chandigarh Finance Branch 322,Chandigarh,Punjab,Vanya Handa
B323,Jaipur Finance Branch 323,Jaipur,Rajasthan,Rati Bains
B324,Hyderabad Finance Branch 324,Hyderabad,Telangana,Hridaan Garg
B325,Lucknow Finance Branch 325,Lucknow,Uttar Pradesh,Shaan Divan
B326,Mumbai Finance Branch 326,Mumbai,Maharashtra,Dhruv Dhillon
B327,Kochi Finance Branch 327,Kochi,Kerala,Romil Doshi
B328,Hyderabad Finance Branch 328,Hyderabad,Telangana,Ivana Wagle
B329,Mumbai Finance Branch 329,Mumbai,Maharashtra,Mannat Gill
B330,Kolkata Finance Branch 330,Kolkata,West Bengal,Ishaan D’Alia
B331,Delhi Finance Branch 331,Delhi,Delhi,Sumer Ben
B332,Patna Finance Branch 332,Patna,Bihar,Hrishita Dara
B333,Chandigarh Finance Branch 333,Chandigarh,Punjab,Yuvaan Bhasin
B334,Kolkata Finance Branch 334,Kolkata,West Bengal,Biju Basak
B335,Delhi Finance Branch 335,Delhi,Delhi,Kanav Ahuja
B336,Jaipur Finance Branch 336,Jaipur,Rajasthan,Raunak Sengupta
B337,Mumbai Finance Branch 337,Mumbai,Maharashtra,Adira Basak
B338,Pune Finance Branch 338,Pune,Maharashtra,Rania Agate
B339,Lucknow Finance Branch 339,Lucknow,Uttar Pradesh,Ishaan Deol
B340,Lucknow Finance Branch 340,Lucknow,Uttar Pradesh,Rhea Khatri
B341,Hyderabad Finance Branch 341,Hyderabad,Telangana,Yuvaan Sem
B342,Mumbai Finance Branch 342,Mumbai,Maharashtra,Hazel Chatterjee
B343,Kolkata Finance Branch 343,Kolkata,West Bengal,Rasha Srinivasan
B344,Pune Finance Branch 344,Pune,Maharashtra,Emir Dua
B345,Delhi Finance Branch 345,Delhi,Delhi,Ivana Mall
B346,Hyderabad Finance Branch 346,Hyderabad,Telangana,Emir Ram
B347,Chandigarh Finance Branch 347,Chandigarh,Punjab,Kismat Rama
B348,Lucknow Finance Branch 348,Lucknow,Uttar Pradesh,Purab Brahmbhatt
B349,Kochi Finance Branch 349,Kochi,Kerala,Eshani Rege
B350,Lucknow Finance Branch 350,Lucknow,Uttar Pradesh,Oorja Varma
B351,Kochi Finance Branch 351,Kochi,Kerala,Alisha Basak
B352,Chandigarh Finance Branch 352,Chandigarh,Punjab,Nayantara Guha
B353,Pune Finance Branch 353,Pune,Maharashtra,Anvi Datta
B354,Hyderabad Finance Branch 354,Hyderabad,Telangana,Amani Virk
B355,Kochi Finance Branch 355,Kochi,Kerala,Aayush Brar
B356,Pune Finance Branch 356,Pune,Maharashtra,Shray Sarkar
B357,Chandigarh Finance Branch 357,Chandigarh,Punjab,Baiju Badami
B358,Kolkata Finance Branch 358,Kolkata,West Bengal,Dishani Chada
B359,Chandigarh Finance Branch 359,Chandigarh,Punjab,Nishith Vig
B360,Patna Finance Branch 360,Patna,Bihar,Himmat Iyer
B361,Delhi Finance Branch 361,Delhi,Delhi,Urvi Bal
B362,Jaipur Finance Branch 362,Jaipur,Rajasthan,Rhea Saran
B363,Delhi Finance Branch 363,Delhi,Delhi,Jayan Mammen
B364,Chandigarh Finance Branch 364,Chandigarh,Punjab,Saira Varkey
B365,Kolkata Finance Branch 365,Kolkata,West Bengal,Romil Sankaran
B366,Hyderabad Finance Branch 366,Hyderabad,Telangana,Abram Chanda
B367,Delhi Finance Branch 367,Delhi,Delhi,Diya Kumar
B368,Hyderabad Finance Branch 368,Hyderabad,Telangana,Zaina Kant
B369,Delhi Finance Branch 369,Delhi,Delhi,Damini Ray
B370,Jaipur Finance Branch 370,Jaipur,Rajasthan,Vivaan Bassi
B371,Lucknow Finance Branch 371,Lucknow,Uttar Pradesh,Arhaan Bobal
B372,Mumbai Finance Branch 372,Mumbai,Maharashtra,Aarush Swaminathan
B373,Chandigarh Finance Branch 373,Chandigarh,Punjab,Vihaan Vig
B374,Kolkata Finance Branch 374,Kolkata,West Bengal,Kaira Goyal
B375,Chandigarh Finance Branch 375,Chandigarh,Punjab,Khushi Lala
B376,Jaipur Finance Branch 376,Jaipur,Rajasthan,Vedika Sankaran
B377,Pune Finance Branch 377,Pune,Maharashtra,Renee Char
B378,Delhi Finance Branch 378,Delhi,Delhi,Divyansh Sawhney
B379,Patna Finance Branch 379,Patna,Bihar,Nitya Ramaswamy
B380,Lucknow Finance Branch 380,Lucknow,Uttar Pradesh,Aarna Saha
B381,Mumbai Finance Branch 381,Mumbai,Maharashtra,Neelofar Bail
B382,Delhi Finance Branch 382,Delhi,Delhi,Shalv Thaker
B383,Chandigarh Finance Branch 383,Chandigarh,Punjab,Ojas Master
B384,Kolkata Finance Branch 384,Kolkata,West Bengal,Lakshit Bandi
B385,Jaipur Finance Branch 385,Jaipur,Rajasthan,Kanav Hari
B386,Hyderabad Finance Branch 386,Hyderabad,Telangana,Jiya Lad
B387,Pune Finance Branch 387,Pune,Maharashtra,Abram Salvi
B388,Mumbai Finance Branch 388,Mumbai,Maharashtra,Keya Rao
B389,Kochi Finance Branch 389,Kochi,Kerala,Yashvi Dhingra
B390,Mumbai Finance Branch 390,Mumbai,Maharashtra,Samiha Rajagopal
B391,Kolkata Finance Branch 391,Kolkata,West Bengal,Devansh Dhingra
B392,Patna Finance Branch 392,Patna,Bihar,Pranay Dhaliwal
B393,Jaipur Finance Branch 393,Jaipur,Rajasthan,Pihu Vyas
B394,Mumbai Finance Branch 394,Mumbai,Maharashtra,Taran Sachdeva
B395,Kochi Finance Branch 395,Kochi,Kerala,Prisha Jani
B396,Kochi Finance Branch 396,Kochi,Kerala,Arnav Rege
B397,Delhi Finance Branch 397,Delhi,Delhi,Adah Iyengar
B398,Jaipur Finance Branch 398,Jaipur,Rajasthan,Kartik Raju
B399,Patna Finance Branch 399,Patna,Bihar,Divyansh Suresh
B400,Chandigarh Finance Branch 400,Chandigarh,Punjab,Himmat Sani
B401,Lucknow Finance Branch 401,Lucknow,Uttar Pradesh,Dharmajan Sheth
B402,Lucknow Finance Branch 402,Lucknow,Uttar Pradesh,Neelofar Chandran
B403,Hyderabad Finance Branch 403,Hyderabad,Telangana,Ahana  Dugal
B404,Jaipur Finance Branch 404,Jaipur,Rajasthan,Neelofar Ramanathan
B405,Hyderabad Finance Branch 405,Hyderabad,Telangana,Bhamini Bhatti
B406,Hyderabad Finance Branch 406,Hyderabad,Telangana,Samiha Toor
B407,Pune Finance Branch 407,Pune,Maharashtra,Keya Vyas
B408,Lucknow Finance Branch 408,Lucknow,Uttar Pradesh,Tara Shroff
B409,Chandigarh Finance Branch 409,Chandigarh,Punjab,Saanvi Lata
B410,Mumbai Finance Branch 410,Mumbai,Maharashtra,Nirvaan Grover
B411,Chandigarh Finance Branch 411,Chandigarh,Punjab,Oorja Kanda
B412,Patna Finance Branch 412,Patna,Bihar,Lakshay Bhatnagar
B413,Kochi Finance Branch 413,Kochi,Kerala,Yasmin Apte
B414,Mumbai Finance Branch 414,Mumbai,Maharashtra,Priyansh Amble
B415,Patna Finance Branch 415,Patna,Bihar,Taimur Guha
B416,Mumbai Finance Branch 416,Mumbai,Maharashtra,Aarna Sengupta
B417,Patna Finance Branch 417,Patna,Bihar,Rohan Ben
B418,Pune Finance Branch 418,Pune,Maharashtra,Miraya Ramachandran
B419,Pune Finance Branch 419,Pune,Maharashtra,Nayantara Banerjee
B420,Hyderabad Finance Branch 420,Hyderabad,Telangana,Bhavin Mander
B421,Jaipur Finance Branch 421,Jaipur,Rajasthan,Gokul Sehgal
B422,Mumbai Finance Branch 422,Mumbai,Maharashtra,Tanya Varughese
B423,Kolkata Finance Branch 423,Kolkata,West Bengal,Krish Mane
B424,Hyderabad Finance Branch 424,Hyderabad,Telangana,Elakshi Dhillon
B425,Chandigarh Finance Branch 425,Chandigarh,Punjab,Zoya Saxena
B426,Pune Finance Branch 426,Pune,Maharashtra,Onkar Boase
B427,Lucknow Finance Branch 427,Lucknow,Uttar Pradesh,Riaan Acharya
B428,Pune Finance Branch 428,Pune,Maharashtra,Myra Ghosh
B429,Lucknow Finance Branch 429,Lucknow,Uttar Pradesh,Gokul Bedi
B430,Mumbai Finance Branch 430,Mumbai,Maharashtra,Alia Dara
B431,Mumbai Finance Branch 431,Mumbai,Maharashtra,Keya Mand
B432,Patna Finance Branch 432,Patna,Bihar,Zoya Vora
B433,Lucknow Finance Branch 433,Lucknow,Uttar Pradesh,Samarth Chaudhari
B434,Kochi Finance Branch 434,Kochi,Kerala,Inaaya  Iyer
B435,Delhi Finance Branch 435,Delhi,Delhi,Sara Babu
B436,Chandigarh Finance Branch 436,Chandigarh,Punjab,Alisha Kara
B437,Hyderabad Finance Branch 437,Hyderabad,Telangana,Shray Bhavsar
B438,Patna Finance Branch 438,Patna,Bihar,Farhan Chahal
B439,Mumbai Finance Branch 439,Mumbai,Maharashtra,Ranbir Raju
B440,Chandigarh Finance Branch 440,Chandigarh,Punjab,Divij Grover
B441,Hyderabad Finance Branch 441,Hyderabad,Telangana,Ryan Balakrishnan
B442,Jaipur Finance Branch 442,Jaipur,Rajasthan,Shaan Mani
B443,Kolkata Finance Branch 443,Kolkata,West Bengal,Tarini Gala
B444,Delhi Finance Branch 444,Delhi,Delhi,Anaya Chatterjee
B445,Lucknow Finance Branch 445,Lucknow,Uttar Pradesh,Saksham Ghose
B446,Lucknow Finance Branch 446,Lucknow,Uttar Pradesh,Farhan Thaker
B447,Patna Finance Branch 447,Patna,Bihar,Anahita Chacko
B448,Delhi Finance Branch 448,Delhi,Delhi,Anika Rajan
B449,Jaipur Finance Branch 449,Jaipur,Rajasthan,Faiyaz Kalla
B450,Pune Finance Branch 450,Pune,Maharashtra,Shaan Ghose
B451,Kolkata Finance Branch 451,Kolkata,West Bengal,Mamooty Ravel
B452,Kolkata Finance Branch 452,Kolkata,West Bengal,Mehul Chanda
B453,Chandigarh Finance Branch 453,Chandigarh,Punjab,Tarini Savant
B454,Mumbai Finance Branch 454,Mumbai,Maharashtra,Kartik Wable
B455,Pune Finance Branch 455,Pune,Maharashtra,Tiya Lala
B456,Mumbai Finance Branch 456,Mumbai,Maharashtra,Nayantara Kapur
B457,Patna Finance Branch 457,Patna,Bihar,Kanav Dugal
B458,Mumbai Finance Branch 458,Mumbai,Maharashtra,Khushi Bhandari
B459,Delhi Finance Branch 459,Delhi,Delhi,Ishaan Bhatt
B460,Delhi Finance Branch 460,Delhi,Delhi,Zara Taneja
B461,Chandigarh Finance Branch 461,Chandigarh,Punjab,Hridaan Sankar
B462,Patna Finance Branch 462,Patna,Bihar,Khushi Mahal
B463,Chandigarh Finance Branch 463,Chandigarh,Punjab,Neysa Bhardwaj
B464,Jaipur Finance Branch 464,Jaipur,Rajasthan,Bhamini Ghose
B465,Hyderabad Finance Branch 465,Hyderabad,Telangana,Divyansh Kanda
B466,Mumbai Finance Branch 466,Mumbai,Maharashtra,Kiaan Chadha
B467,Kochi Finance Branch 467,Kochi,Kerala,Ehsaan Kumer
B468,Kochi Finance Branch 468,Kochi,Kerala,Siya Gade
B469,Lucknow Finance Branch 469,Lucknow,Uttar Pradesh,Shayak Hayre
B470,Mumbai Finance Branch 470,Mumbai,Maharashtra,Eva Ram
B471,Delhi Finance Branch 471,Delhi,Delhi,Umang Sankar
B472,Mumbai Finance Branch 472,Mumbai,Maharashtra,Jayesh Dara
B473,Chandigarh Finance Branch 473,Chandigarh,Punjab,Dhanuk Sem
B474,Pune Finance Branch 474,Pune,Maharashtra,Kashvi Behl
B475,Patna Finance Branch 475,Patna,Bihar,Jayan Sule
B476,Mumbai Finance Branch 476,Mumbai,Maharashtra,Uthkarsh Gupta
B477,Hyderabad Finance Branch 477,Hyderabad,Telangana,Nishith Chaudry
B478,Mumbai Finance Branch 478,Mumbai,Maharashtra,Alisha Kapadia
B479,Delhi Finance Branch 479,Delhi,Delhi,Jayan Brahmbhatt
B480,Pune Finance Branch 480,Pune,Maharashtra,Purab Arya
B481,Delhi Finance Branch 481,Delhi,Delhi,Hansh Shere
B482,Patna Finance Branch 482,Patna,Bihar,Jayan Aurora
B483,Kochi Finance Branch 483,Kochi,Kerala,Samaira Agrawal
B484,Jaipur Finance Branch 484,Jaipur,Rajasthan,Zain Amble
B485,Jaipur Finance Branch 485,Jaipur,Rajasthan,Ryan Banik
B486,Pune Finance Branch 486,Pune,Maharashtra,Darshit Aggarwal
B487,Delhi Finance Branch 487,Delhi,Delhi,Divit Tak
B488,Jaipur Finance Branch 488,Jaipur,Rajasthan,Indranil Kunda
B489,Jaipur Finance Branch 489,Jaipur,Rajasthan,Sara Rama
B490,Patna Finance Branch 490,Patna,Bihar,Aarna Ramaswamy
B491,Hyderabad Finance Branch 491,Hyderabad,Telangana,Aaryahi Ramakrishnan
B492,Chandigarh Finance Branch 492,Chandigarh,Punjab,Lagan Bawa
B493,Patna Finance Branch 493,Patna,Bihar,Saanvi Deol
B494,Lucknow Finance Branch 494,Lucknow,Uttar Pradesh,Divyansh Butala
B495,Lucknow Finance Branch 495,Lucknow,Uttar Pradesh,Ritvik Trivedi
B496,Pune Finance Branch 496,Pune,Maharashtra,Hiran Kannan
B497,Patna Finance Branch 497,Patna,Bihar,Indrajit Buch
B498,Delhi Finance Branch 498,Delhi,Delhi,Anahita Datta
B499,Kochi Finance Branch 499,Kochi,Kerala,Kashvi Yohannan
B500,Kochi Finance Branch 500,Kochi,Kerala,Umang Chadha
