customer_id,customer_name,gender,age,city,state,occupation,annual_income,credit_score,join_date
C001,Stuvan Tiwari,Male,39,Mumbai,Maharashtra,Doctor,1236213,635,2023-10-17
C002,Ryan Batra,Male,59,Mumbai,Maharashtra,Manager,433306,607,2025-08-03
C003,Akarsh Sibal,Male,36,Mumbai,Maharashtra,Accountant,411299,743,2023-01-18
C004,Nakul Deshmukh,Female,36,Chandigarh,Punjab,Professor,1466816,807,2026-02-15
C005,Vidur Agarwal,Male,49,Delhi,Delhi,Data Analyst,1465476,639,2022-07-15
C006,Shamik Keer,Female,28,Chandigarh,Punjab,Teacher,1893530,624,2022-12-04
C007,Dharmajan Chander,Female,60,Hyderabad,Telangana,Police Officer,482244,786,2022-08-28
C008,Ira Sur,Male,46,Pune,Maharashtra,Teacher,1529678,812,2022-07-22
C009,Bhamini Chowdhury,Female,58,Kochi,Kerala,Doctor,591735,611,2021-05-21
C010,Anahita Dutt,Female,27,Chandigarh,Punjab,Doctor,723630,697,2026-01-30
C011,Farhan Ganguly,Female,45,Lucknow,Uttar Pradesh,Businessman,1852651,690,2025-01-22
C012,Akarsh Kumer,Female,26,Chandigarh,Punjab,Architect,1017807,736,2025-11-07
C013,Aaryahi Rajagopal,Male,51,Chandigarh,Punjab,Manager,1432243,836,2024-04-29
C014,Hiran Joshi,Male,42,Kolkata,West Bengal,Software Engineer,1260697,810,2022-11-05
C015,Shlok Saini,Female,47,Delhi,Delhi,Police Officer,577615,654,2023-03-29
C016,Vaibhav Bhasin,Female,35,Kochi,Kerala,Professor,1959400,826,2026-05-01
C017,Seher Mane,Male,38,Pune,Maharashtra,Businessman,1334430,790,2025-04-02
C018,Mahika Shetty,Female,59,Kolkata,West Bengal,Manager,1975207,692,2025-03-17
C019,Rati Kurian,Male,54,Chandigarh,Punjab,Professor,681301,793,2023-09-22
C020,Pihu Shankar,Male,31,Delhi,Delhi,Businessman,2070667,752,2022-04-28
C021,Kismat Bhasin,Female,46,Mumbai,Maharashtra,Architect,2263143,735,2023-10-02
C022,Gokul De,Male,29,Lucknow,Uttar Pradesh,Accountant,1419145,796,2022-09-10
C023,Zara Savant,Male,40,Hyderabad,Telangana,Manager,963361,716,2021-11-06
C024,Alisha Ahluwalia,Female,54,Delhi,Delhi,Businessman,2429371,833,2024-10-29
C025,Manikya Bera,Female,54,Mumbai,Maharashtra,Architect,1134293,639,2025-07-22
C026,Lakshay Keer,Male,56,Hyderabad,Telangana,Accountant,302398,753,2026-04-26
C027,Vivaan Acharya,Female,23,Hyderabad,Telangana,Teacher,1822451,824,2021-06-25
C028,Adira Sarin,Male,25,Lucknow,Uttar Pradesh,Doctor,630331,621,2022-03-11
C029,Misha Gala,Male,56,Pune,Maharashtra,Businessman,838512,768,2024-07-22
C030,Vidur Aurora,Male,38,Pune,Maharashtra,Accountant,2074769,846,2023-02-05
C031,Vivaan Baral,Male,41,Chandigarh,Punjab,Manager,1866239,712,2022-11-03
C032,Mannat Bhat,Female,29,Kolkata,West Bengal,Doctor,1242448,616,2022-06-21
C033,Mishti Kulkarni,Male,59,Hyderabad,Telangana,Accountant,1265171,750,2026-05-08
C034,Abram Seshadri,Male,26,Chandigarh,Punjab,Software Engineer,1260251,617,2024-05-17
C035,Hrishita Dayal,Female,26,Delhi,Delhi,Accountant,1298263,671,2024-04-04
C036,Shlok Ghosh,Male,56,Pune,Maharashtra,Businessman,2282525,662,2022-10-27
C037,Ivan Sunder,Female,34,Pune,Maharashtra,Teacher,706557,768,2022-11-29
C038,Aarna Zachariah,Female,49,Jaipur,Rajasthan,Manager,2258843,821,2023-02-12
C039,Mamooty Goswami,Male,25,Delhi,Delhi,Manager,1723138,804,2025-04-09
C040,Mahika Ravel,Male,34,Mumbai,Maharashtra,Doctor,2181621,635,2025-05-10
C041,Adah Ramesh,Male,39,Jaipur,Rajasthan,Professor,1347764,823,2025-02-26
C042,Dhanush Kade,Female,57,Mumbai,Maharashtra,Teacher,512182,766,2024-09-16
C043,Taran Bassi,Male,27,Kolkata,West Bengal,Doctor,997559,704,2024-02-14
C044,Shanaya Apte,Female,35,Pune,Maharashtra,Manager,545934,642,2024-03-04
C045,Vanya Thakur,Male,46,Jaipur,Rajasthan,Police Officer,2208443,673,2024-09-30
C046,Indrans Lata,Female,31,Jaipur,Rajasthan,Doctor,1544482,655,2024-06-03
C047,Riaan Saraf,Male,42,Delhi,Delhi,Software Engineer,510312,749,2022-03-15
C048,Mohanlal Lanka,Male,25,Pune,Maharashtra,Accountant,636011,817,2021-06-19
C049,Shanaya Tara,Male,60,Patna,Bihar,Teacher,1286516,703,2023-09-10
C050,Kavya Mani,Male,59,Mumbai,Maharashtra,Architect,466688,758,2025-05-11
C051,Anahita Ratti,Female,59,Mumbai,Maharashtra,Architect,2492709,680,2025-09-12
C052,Nitya Shetty,Male,42,Lucknow,Uttar Pradesh,Doctor,1414068,701,2023-06-20
C053,Shayak Swaminathan,Female,51,Patna,Bihar,Data Analyst,604267,602,2024-02-10
C054,Kashvi Chowdhury,Male,26,Pune,Maharashtra,Accountant,1194033,729,2026-02-14
C055,Yashvi Chokshi,Male,44,Lucknow,Uttar Pradesh,Teacher,1324603,694,2023-07-10
C056,Prerak Buch,Male,50,Lucknow,Uttar Pradesh,Accountant,1568848,756,2026-03-30
C057,Kiaan Ganesan,Male,57,Kolkata,West Bengal,Police Officer,734473,840,2021-08-11
C058,Shamik Guha,Female,29,Patna,Bihar,Teacher,951995,669,2023-05-29
C059,Badal Saini,Male,43,Lucknow,Uttar Pradesh,Doctor,1407228,729,2024-06-29
C060,Kartik Gour,Female,25,Pune,Maharashtra,Teacher,2076605,812,2024-10-12
C061,Indranil Dugar,Male,22,Lucknow,Uttar Pradesh,Data Analyst,848697,763,2023-01-04
C062,Jiya Gole,Male,50,Lucknow,Uttar Pradesh,Accountant,2093848,743,2022-01-22
C063,Himmat Kannan,Male,26,Delhi,Delhi,Businessman,451112,813,2024-06-16
C064,Madhav Singh,Male,49,Hyderabad,Telangana,Businessman,475442,678,2022-12-02
C065,Yasmin Chandran,Male,44,Hyderabad,Telangana,Doctor,1346603,770,2022-01-16
C066,Shray Kalita,Female,57,Mumbai,Maharashtra,Manager,948243,836,2021-10-28
C067,Lavanya Kale,Male,33,Chandigarh,Punjab,Manager,403961,645,2025-07-21
C068,Shamik Dugar,Female,37,Hyderabad,Telangana,Police Officer,967724,801,2024-02-27
C069,Yakshit Chad,Female,24,Mumbai,Maharashtra,Professor,1232954,651,2025-07-15
C070,Mannat Sahni,Female,41,Pune,Maharashtra,Doctor,1235009,606,2021-06-09
C071,Arhaan Srivastava,Female,43,Chandigarh,Punjab,Police Officer,591171,847,2022-08-25
C072,Shanaya Saha,Female,54,Lucknow,Uttar Pradesh,Manager,1688943,840,2022-09-29
C073,Onkar Majumdar,Male,38,Delhi,Delhi,Businessman,1413446,609,2026-04-23
C074,Misha Tandon,Female,44,Mumbai,Maharashtra,Data Analyst,2130368,755,2023-11-06
C075,Armaan Sridhar,Male,46,Kolkata,West Bengal,Architect,1097248,665,2021-12-24
C076,Farhan Bora,Female,22,Delhi,Delhi,Accountant,1126425,693,2024-02-07
C077,Shanaya Thakkar,Male,43,Jaipur,Rajasthan,Architect,1616657,769,2023-03-13
C078,Amani Mahal,Female,54,Mumbai,Maharashtra,Police Officer,2012924,683,2022-12-20
C079,Nirvi Swamy,Female,57,Jaipur,Rajasthan,Businessman,1104635,707,2024-07-01
C080,Divyansh Chakraborty,Male,58,Jaipur,Rajasthan,Police Officer,2003202,740,2026-04-04
C081,Darshit Borah,Female,40,Delhi,Delhi,Doctor,2103081,801,2022-11-08
C082,Mamooty Bhalla,Female,51,Kochi,Kerala,Professor,2154552,772,2024-11-30
C083,Vanya Chaudhuri,Female,32,Chandigarh,Punjab,Teacher,1490286,731,2024-07-13
C084,Arnav Badal,Female,27,Kochi,Kerala,Doctor,1601993,657,2023-10-20
C085,Kiara Dalal,Male,23,Chandigarh,Punjab,Software Engineer,1326944,721,2025-01-23
C086,Mannat Chhabra,Male,51,Kochi,Kerala,Manager,1115520,783,2026-03-07
C087,Zaina Sachdev,Female,47,Jaipur,Rajasthan,Doctor,918959,767,2024-03-23
C088,Kiara Kashyap,Male,49,Delhi,Delhi,Doctor,1037722,805,2025-12-22
C089,Vardaniya Dey,Female,25,Kolkata,West Bengal,Accountant,1345213,834,2023-12-02
C090,Riya Badami,Female,30,Mumbai,Maharashtra,Professor,1630844,843,2024-04-14
C091,Aradhya Sami,Female,57,Pune,Maharashtra,Professor,967556,790,2021-08-07
C092,Bhavin Saraf,Female,38,Pune,Maharashtra,Doctor,1463128,796,2023-10-03
C093,Neelofar Venkatesh,Female,37,Kolkata,West Bengal,Police Officer,2144959,619,2024-11-24
C094,Indrans Ramaswamy,Male,39,Lucknow,Uttar Pradesh,Data Analyst,1640959,828,2024-03-16
C095,Nirvaan Deshmukh,Male,30,Kolkata,West Bengal,Businessman,1269980,698,2022-11-24
C096,Drishya Boase,Male,26,Patna,Bihar,Manager,2009595,684,2023-08-06
C097,Taimur Varghese,Female,48,Kolkata,West Bengal,Software Engineer,1167526,813,2022-03-16
C098,Tushar Badal,Female,59,Jaipur,Rajasthan,Software Engineer,1895433,722,2024-03-24
C099,Raunak Krishnan,Female,41,Delhi,Delhi,Manager,2057502,737,2024-12-17
C100,Kashvi Chauhan,Male,53,Kolkata,West Bengal,Doctor,1444773,711,2023-08-20
C101,Fateh Kohli,Male,46,Pune,Maharashtra,Data Analyst,1995827,785,2021-11-12
C102,Darshit Dasgupta,Female,30,Patna,Bihar,Architect,413105,832,2021-09-18
C103,Taimur Sheth,Male,27,Jaipur,Rajasthan,Manager,869164,821,2022-08-05
C104,Dishani Mahal,Male,25,Pune,Maharashtra,Police Officer,1890076,683,2024-12-02
C105,Biju Roy,Female,42,Chandigarh,Punjab,Data Analyst,1890170,671,2023-10-24
C106,Aniruddh Thakkar,Female,27,Jaipur,Rajasthan,Professor,381299,791,2024-11-10
C107,Aayush Jayaraman,Male,44,Kolkata,West Bengal,Doctor,587806,799,2026-05-10
C108,Jiya Khatri,Male,37,Delhi,Delhi,Doctor,385479,759,2022-07-11
C109,Parinaaz Raval,Male,30,Patna,Bihar,Professor,779784,744,2025-12-13
C110,Seher Das,Female,38,Chandigarh,Punjab,Data Analyst,1003758,755,2023-04-13
C111,Nitara Bhatnagar,Male,32,Kochi,Kerala,Police Officer,753399,748,2021-10-20
C112,Samiha Butala,Female,58,Delhi,Delhi,Manager,1963689,841,2022-09-10
C113,Ojas Thakkar,Male,59,Chandigarh,Punjab,Doctor,727405,778,2023-12-30
C114,Anika Sarkar,Male,58,Lucknow,Uttar Pradesh,Software Engineer,1756278,736,2025-08-18
C115,Heer Bhatia,Female,26,Jaipur,Rajasthan,Accountant,1731227,603,2022-03-15
C116,Arhaan Sridhar,Female,28,Jaipur,Rajasthan,Manager,1819126,762,2021-05-19
C117,Indranil Goswami,Male,49,Pune,Maharashtra,Businessman,2488364,847,2025-01-06
C118,Heer Chander,Female,51,Lucknow,Uttar Pradesh,Manager,1425732,682,2023-02-28
C119,Rati Sundaram,Male,39,Chandigarh,Punjab,Professor,1322837,792,2025-04-02
C120,Manikya Jayaraman,Female,43,Pune,Maharashtra,Software Engineer,2373271,817,2023-08-15
C121,Damini Jani,Male,53,Hyderabad,Telangana,Doctor,1788243,804,2021-12-15
C122,Baiju Tata,Female,39,Lucknow,Uttar Pradesh,Architect,1458754,742,2022-12-15
C123,Sara Chandran,Male,27,Delhi,Delhi,Doctor,2004683,725,2024-09-16
C124,Zoya Khanna,Male,52,Kolkata,West Bengal,Professor,2179780,802,2022-02-09
C125,Jiya Sengupta,Male,40,Delhi,Delhi,Doctor,1996181,777,2024-03-28
C126,Kaira Vohra,Female,59,Chandigarh,Punjab,Data Analyst,2284998,741,2025-03-17
C127,Amani Sheth,Female,49,Kolkata,West Bengal,Accountant,1687439,690,2021-08-14
C128,Tejas Borra,Female,41,Pune,Maharashtra,Police Officer,1266946,630,2023-07-01
C129,Shray Master,Female,29,Chandigarh,Punjab,Accountant,1076574,649,2023-12-25
C130,Shray Arya,Female,39,Chandigarh,Punjab,Architect,1486982,625,2022-12-03
C131,Eva Salvi,Female,36,Chandigarh,Punjab,Data Analyst,1052632,677,2024-08-10
C132,Anahita Rau,Male,39,Delhi,Delhi,Software Engineer,528698,741,2022-03-22
C133,Vivaan Dhawan,Male,53,Lucknow,Uttar Pradesh,Teacher,351444,746,2023-09-12
C134,Vivaan Gaba,Female,52,Lucknow,Uttar Pradesh,Professor,1729024,647,2025-07-26
C135,Dhanuk Soni,Female,52,Delhi,Delhi,Teacher,574070,702,2021-07-29
C136,Kismat Wali,Male,58,Pune,Maharashtra,Software Engineer,936389,638,2024-08-16
C137,Jhanvi Kala,Female,27,Kochi,Kerala,Doctor,796821,742,2023-10-28
C138,Akarsh Kanda,Male,55,Jaipur,Rajasthan,Manager,2189594,832,2025-02-23
C139,Ehsaan Bumb,Female,59,Pune,Maharashtra,Manager,1580857,745,2025-04-24
C140,Saira Bhavsar,Male,28,Kochi,Kerala,Doctor,1185103,667,2023-05-17
C141,Shalv Ahluwalia,Male,37,Mumbai,Maharashtra,Businessman,614844,640,2022-06-30
C142,Emir Hora,Female,50,Delhi,Delhi,Architect,2270955,674,2021-09-14
C143,Misha Andra,Male,40,Delhi,Delhi,Police Officer,2204345,618,2026-04-16
C144,Ira Bhat,Female,59,Chandigarh,Punjab,Doctor,2083162,629,2023-08-22
C145,Hunar Bahl,Male,31,Kolkata,West Bengal,Police Officer,896582,618,2024-02-03
C146,Chirag Bhalla,Male,41,Delhi,Delhi,Architect,1510520,712,2021-10-30
C147,Bhavin Agrawal,Female,41,Mumbai,Maharashtra,Manager,1441883,728,2021-09-21
C148,Advik Kuruvilla,Female,50,Kolkata,West Bengal,Teacher,467188,827,2023-03-04
C149,Hiran Karpe,Female,60,Jaipur,Rajasthan,Police Officer,408485,623,2022-09-03
C150,Myra Anand,Male,39,Chandigarh,Punjab,Architect,468743,795,2023-10-03
C151,Trisha Bahl,Female,55,Patna,Bihar,Professor,1466673,646,2024-04-07
C152,Dhanuk Dube,Female,53,Kochi,Kerala,Teacher,2271366,689,2026-01-23
C153,Nishith Zacharia,Female,42,Jaipur,Rajasthan,Teacher,974548,684,2026-05-07
C154,Kaira Rama,Female,40,Jaipur,Rajasthan,Manager,453918,716,2025-03-13
C155,Vihaan Dey,Female,38,Mumbai,Maharashtra,Data Analyst,786210,848,2022-02-11
C156,Aradhya Dugar,Male,56,Jaipur,Rajasthan,Professor,2033285,613,2025-07-01
C157,Gatik Dora,Female,53,Chandigarh,Punjab,Professor,516475,652,2022-08-11
C158,Madhav Maharaj,Male,40,Lucknow,Uttar Pradesh,Professor,2333028,631,2025-09-12
C159,Uthkarsh Kibe,Male,32,Delhi,Delhi,Police Officer,357354,741,2021-11-15
C160,Saanvi Dutt,Male,36,Jaipur,Rajasthan,Teacher,2235452,842,2026-01-21
C161,Jayan Venkatesh,Male,53,Mumbai,Maharashtra,Police Officer,2434363,780,2026-04-12
C162,Vivaan Amble,Female,52,Lucknow,Uttar Pradesh,Professor,1322281,716,2025-08-30
C163,Neelofar Deol,Male,46,Kolkata,West Bengal,Doctor,2431716,791,2024-01-20
C164,Amira Wali,Male,39,Patna,Bihar,Manager,1725540,839,2025-10-15
C165,Anahita Wagle,Female,22,Kolkata,West Bengal,Police Officer,1552233,814,2025-02-01
C166,Alisha Bose,Female,31,Kochi,Kerala,Professor,2331475,688,2024-11-18
C167,Kartik Bhalla,Female,51,Hyderabad,Telangana,Data Analyst,1091265,778,2021-06-04
C168,Madhup Sha,Female,36,Chandigarh,Punjab,Manager,483070,681,2022-05-09
C169,Raghav Rajan,Female,46,Pune,Maharashtra,Businessman,2377558,846,2023-01-15
C170,Emir Chandran,Male,54,Delhi,Delhi,Architect,1692486,822,2024-02-02
C171,Rania Bassi,Female,28,Mumbai,Maharashtra,Accountant,2216495,603,2022-03-04
C172,Saira Srinivasan,Female,31,Patna,Bihar,Teacher,2269186,800,2022-11-15
C173,Saanvi Bedi,Female,47,Lucknow,Uttar Pradesh,Teacher,1678103,818,2024-06-01
C174,Mohanlal Dash,Female,42,Kolkata,West Bengal,Professor,450571,758,2026-05-10
C175,Divij Bhatt,Male,40,Mumbai,Maharashtra,Doctor,679078,711,2022-07-17
C176,Advika Bhandari,Male,50,Mumbai,Maharashtra,Businessman,1556051,831,2025-03-11
C177,Prisha Sachdeva,Male,42,Delhi,Delhi,Software Engineer,1530473,691,2023-12-10
C178,Aradhya Bhat,Female,31,Hyderabad,Telangana,Doctor,2028270,744,2022-09-02
C179,Nakul Dhillon,Male,33,Patna,Bihar,Teacher,1904507,758,2021-06-01
C180,Krish Jani,Female,59,Chandigarh,Punjab,Businessman,1273868,718,2021-08-28
C181,Hrishita Mand,Female,38,Lucknow,Uttar Pradesh,Software Engineer,2251413,830,2025-10-08
C182,Renee Balasubramanian,Male,26,Lucknow,Uttar Pradesh,Professor,1749407,750,2023-09-06
C183,Anay Lall,Female,38,Lucknow,Uttar Pradesh,Professor,1567190,650,2024-08-15
C184,Raghav Chawla,Female,28,Jaipur,Rajasthan,Doctor,1899557,746,2025-03-11
C185,Siya Chahal,Female,40,Hyderabad,Telangana,Software Engineer,1960129,670,2021-10-28
C186,Shlok Kurian,Male,60,Delhi,Delhi,Professor,1500385,798,2023-11-23
C187,Hazel Venkataraman,Female,36,Chandigarh,Punjab,Doctor,1351204,773,2023-12-28
C188,Taran Baral,Male,24,Patna,Bihar,Police Officer,2148946,608,2023-02-25
C189,Pihu Zachariah,Female,30,Kochi,Kerala,Teacher,1537782,683,2024-12-04
C190,Himmat Sankar,Male,34,Jaipur,Rajasthan,Businessman,1834517,735,2021-08-21
C191,Ahana  Karpe,Female,32,Kolkata,West Bengal,Police Officer,2321016,847,2023-03-27
C192,Taran Joshi,Female,29,Lucknow,Uttar Pradesh,Professor,615828,636,2025-07-15
C193,Kiaan Dixit,Female,57,Chandigarh,Punjab,Data Analyst,678757,802,2024-03-10
C194,Hazel Sibal,Male,38,Jaipur,Rajasthan,Accountant,818368,716,2024-09-27
C195,Uthkarsh Kala,Female,59,Hyderabad,Telangana,Manager,1858073,627,2025-12-10
C196,Yuvaan Chacko,Female,23,Chandigarh,Punjab,Architect,1675758,834,2024-11-26
C197,Aarav Mann,Male,26,Kochi,Kerala,Professor,1567477,766,2026-03-29
C198,Ehsaan Divan,Male,30,Jaipur,Rajasthan,Software Engineer,456078,677,2022-02-12
C199,Tanya Shroff,Male,28,Pune,Maharashtra,Doctor,869016,699,2022-03-23
C200,Tushar Sarkar,Female,56,Pune,Maharashtra,Manager,948116,826,2021-06-23
C201,Indrajit Magar,Male,53,Jaipur,Rajasthan,Architect,2011762,840,2025-08-31
C202,Zara Subramanian,Male,45,Lucknow,Uttar Pradesh,Doctor,2159683,713,2022-12-23
C203,Vaibhav Chaudhary,Female,28,Chandigarh,Punjab,Data Analyst,1804387,615,2024-09-30
C204,Nishith Sami,Female,34,Jaipur,Rajasthan,Teacher,2207222,623,2022-07-03
C205,Ranbir Chander,Male,25,Chandigarh,Punjab,Data Analyst,1321601,632,2022-02-21
C206,Raghav Barad,Male,26,Kochi,Kerala,Accountant,1168880,750,2023-05-31
C207,Pihu Devi,Male,43,Chandigarh,Punjab,Businessman,311893,670,2022-11-16
C208,Zaina Walia,Male,56,Patna,Bihar,Police Officer,1031893,628,2023-10-16
C209,Kiaan Bansal,Male,22,Delhi,Delhi,Data Analyst,1297957,750,2023-01-23
C210,Emir Verma,Male,33,Hyderabad,Telangana,Police Officer,519777,632,2023-05-19
C211,Aayush Bhatia,Male,26,Jaipur,Rajasthan,Professor,2180202,799,2024-07-17
C212,Trisha Sarraf,Male,50,Hyderabad,Telangana,Accountant,1229247,842,2025-01-19
C213,Nirvi Sampath,Male,55,Kochi,Kerala,Police Officer,2221169,764,2024-07-05
C214,Krish Rege,Male,52,Delhi,Delhi,Manager,2087921,775,2023-10-03
C215,Nishith Thaker,Female,50,Mumbai,Maharashtra,Teacher,638859,682,2025-05-02
C216,Rhea Srivastava,Male,26,Kochi,Kerala,Businessman,1453500,759,2022-07-02
C217,Prerak Aurora,Female,46,Kochi,Kerala,Architect,1536890,716,2023-04-14
C218,Pranay Sachdeva,Female,28,Kolkata,West Bengal,Teacher,1201872,710,2026-02-12
C219,Aradhya Lad,Male,48,Pune,Maharashtra,Data Analyst,2202112,702,2021-06-29
C220,Saksham Chaudhry,Male,42,Jaipur,Rajasthan,Manager,1610818,770,2022-08-29
C221,Ela Chopra,Female,31,Lucknow,Uttar Pradesh,Professor,581577,623,2024-10-20
C222,Mohanlal Khatri,Male,49,Mumbai,Maharashtra,Teacher,1862994,807,2023-06-09
C223,Anika Baral,Male,59,Patna,Bihar,Accountant,1682635,771,2024-04-20
C224,Hrishita Dass,Female,44,Mumbai,Maharashtra,Manager,515780,847,2025-03-23
C225,Zoya Bala,Female,44,Lucknow,Uttar Pradesh,Teacher,2428242,654,2026-04-26
C226,Riya Sachdeva,Female,36,Patna,Bihar,Teacher,1768484,816,2021-08-02
C227,Siya Bhat,Female,29,Kolkata,West Bengal,Police Officer,1248579,806,2023-07-29
C228,Sana Verma,Male,60,Jaipur,Rajasthan,Police Officer,421438,646,2023-06-19
C229,Aarav Buch,Female,43,Lucknow,Uttar Pradesh,Data Analyst,325609,646,2023-03-08
C230,Indranil Hari,Female,26,Patna,Bihar,Businessman,428585,623,2021-12-16
C231,Kiaan Bhatnagar,Male,46,Kolkata,West Bengal,Manager,2202728,687,2025-01-04
C232,Tiya Bahl,Female,41,Patna,Bihar,Data Analyst,656335,826,2023-08-24
C233,Rati Kala,Male,32,Delhi,Delhi,Architect,508719,772,2024-08-10
C234,Nirvi Chada,Female,50,Mumbai,Maharashtra,Manager,2337012,755,2025-02-10
C235,Mishti Loke,Female,39,Pune,Maharashtra,Doctor,2448936,629,2024-02-10
C236,Farhan Kari,Female,29,Hyderabad,Telangana,Police Officer,2341085,734,2025-07-13
C237,Arnav Raj,Male,36,Lucknow,Uttar Pradesh,Manager,529772,601,2026-03-21
C238,Anya Lala,Female,35,Chandigarh,Punjab,Businessman,1371726,674,2026-04-12
C239,Eva Suri,Male,22,Hyderabad,Telangana,Professor,2106298,644,2021-12-17
C240,Ishaan Kala,Female,56,Patna,Bihar,Doctor,2398252,743,2023-05-15
C241,Amani Basak,Male,47,Hyderabad,Telangana,Software Engineer,2129637,604,2021-10-21
C242,Renee Dube,Male,42,Pune,Maharashtra,Architect,2100548,746,2023-11-15
C243,Eva Sani,Female,40,Jaipur,Rajasthan,Teacher,1998828,605,2024-10-08
C244,Arnav Jain,Male,51,Hyderabad,Telangana,Data Analyst,669643,711,2023-01-20
C245,Nitara Bansal,Male,49,Mumbai,Maharashtra,Architect,1979608,734,2022-11-26
C246,Pihu Raj,Female,41,Mumbai,Maharashtra,Data Analyst,1229340,685,2024-07-05
C247,Pari Gole,Male,54,Patna,Bihar,Teacher,2438893,649,2022-01-18
C248,Nishith Subramaniam,Female,31,Hyderabad,Telangana,Doctor,731193,637,2025-06-16
C249,Jayant Shankar,Male,33,Lucknow,Uttar Pradesh,Architect,941182,794,2022-03-02
C250,Uthkarsh Gala,Male,53,Mumbai,Maharashtra,Professor,2182845,774,2024-10-30
C251,Aaryahi Dara,Female,42,Kochi,Kerala,Businessman,2144498,617,2024-08-07
C252,Hazel Apte,Female,41,Pune,Maharashtra,Police Officer,535602,690,2026-04-01
C253,Trisha Vala,Male,41,Kolkata,West Bengal,Professor,2195464,609,2023-01-23
C254,Aarav Seshadri,Female,40,Delhi,Delhi,Teacher,678730,757,2025-05-22
C255,Ritvik Borah,Female,51,Kochi,Kerala,Architect,472061,715,2026-04-20
C256,Anahita Ravel,Male,42,Kochi,Kerala,Architect,2294932,728,2024-10-25
C257,Suhana Singh,Male,50,Patna,Bihar,Teacher,1740482,782,2024-02-05
C258,Faiyaz Karan,Male,24,Mumbai,Maharashtra,Doctor,2136091,712,2024-01-09
C259,Hansh Dutta,Male,45,Kolkata,West Bengal,Data Analyst,1486541,699,2025-08-24
C260,Arnav Suri,Female,60,Jaipur,Rajasthan,Software Engineer,1703621,616,2025-12-06
C261,Lagan Wali,Male,57,Hyderabad,Telangana,Manager,1491798,664,2024-03-01
C262,Tushar Kapur,Male,43,Kochi,Kerala,Teacher,893193,834,2026-02-17
C263,Darshit Chopra,Female,47,Hyderabad,Telangana,Businessman,655337,679,2023-02-06
C264,Kartik Chatterjee,Female,43,Kolkata,West Bengal,Businessman,691970,765,2024-03-16
C265,Anika Bhasin,Female,23,Jaipur,Rajasthan,Data Analyst,1595478,646,2024-07-22
C266,Gokul Kamdar,Female,53,Chandigarh,Punjab,Doctor,1250190,635,2024-05-28
C267,Dhanush Hans,Male,40,Patna,Bihar,Teacher,2429404,797,2024-10-19
C268,Devansh Bhasin,Male,43,Kolkata,West Bengal,Architect,849659,752,2024-04-20
C269,Rasha Vala,Male,32,Jaipur,Rajasthan,Businessman,994321,784,2025-03-05
C270,Romil Khurana,Male,48,Pune,Maharashtra,Data Analyst,1296273,848,2022-08-12
C271,Fateh Chopra,Female,50,Pune,Maharashtra,Doctor,1303145,679,2023-05-20
C272,Sana Trivedi,Male,45,Pune,Maharashtra,Architect,2147999,718,2025-04-29
C273,Yasmin Dalal,Female,54,Lucknow,Uttar Pradesh,Accountant,2055990,847,2023-02-25
C274,Tanya Chaudhary,Male,60,Patna,Bihar,Businessman,1348589,613,2025-02-22
C275,Anya Kala,Female,57,Pune,Maharashtra,Teacher,2463880,817,2026-05-16
C276,Farhan Kannan,Female,27,Mumbai,Maharashtra,Businessman,1444169,715,2025-07-26
C277,Ayesha Bandi,Male,49,Kolkata,West Bengal,Teacher,1231294,809,2021-09-21
C278,Alisha Mann,Female,23,Pune,Maharashtra,Manager,523375,701,2023-03-13
C279,Vedika Sarraf,Female,37,Kolkata,West Bengal,Manager,642278,695,2022-05-19
C280,Farhan Sarna,Male,42,Chandigarh,Punjab,Teacher,1706309,802,2023-11-16
C281,Kashvi Suresh,Male,24,Patna,Bihar,Police Officer,2281619,778,2022-04-15
C282,Taran Rege,Female,50,Patna,Bihar,Architect,322025,831,2022-12-28
C283,Ehsaan Sane,Male,38,Mumbai,Maharashtra,Doctor,927130,740,2024-01-26
C284,Anya Jaggi,Female,29,Kochi,Kerala,Police Officer,1296735,677,2023-10-06
C285,Jiya Bhalla,Male,37,Mumbai,Maharashtra,Manager,2217273,616,2022-01-13
C286,Kimaya Gulati,Female,60,Mumbai,Maharashtra,Accountant,368934,761,2023-11-07
C287,Jivika Behl,Male,31,Kolkata,West Bengal,Police Officer,2100358,600,2026-04-26
C288,Nehmat Dutt,Female,37,Kochi,Kerala,Architect,2047211,647,2026-03-27
C289,Yakshit Bajaj,Female,26,Mumbai,Maharashtra,Accountant,2427886,801,2023-11-10
C290,Shalv Shankar,Male,46,Kolkata,West Bengal,Professor,482596,762,2022-06-19
C291,Lagan Jhaveri,Female,38,Jaipur,Rajasthan,Software Engineer,1797760,801,2023-12-12
C292,Jayesh Bhasin,Female,37,Mumbai,Maharashtra,Teacher,1694684,634,2022-07-14
C293,Chirag Agate,Female,56,Delhi,Delhi,Data Analyst,1034377,812,2025-07-22
C294,Ranbir Bhatti,Female,33,Pune,Maharashtra,Businessman,564662,783,2022-02-15
C295,Samaira Mani,Male,40,Pune,Maharashtra,Doctor,483736,802,2022-12-24
C296,Vihaan Mannan,Male,42,Chandigarh,Punjab,Police Officer,2461675,701,2025-12-04
C297,Ehsaan Rege,Female,38,Kolkata,West Bengal,Software Engineer,1101545,673,2024-08-25
C298,Shalv Swamy,Male,43,Hyderabad,Telangana,Police Officer,822086,804,2021-06-01
C299,Emir Manne,Female,47,Hyderabad,Telangana,Professor,1921705,686,2023-04-30
C300,Hunar Garde,Female,53,Patna,Bihar,Data Analyst,2478000,668,2023-11-25
C301,Baiju Kapur,Female,27,Mumbai,Maharashtra,Manager,1056889,739,2024-03-30
C302,Ahana  Rout,Female,28,Lucknow,Uttar Pradesh,Teacher,1675395,769,2026-05-09
C303,Jivin Rajagopal,Female,50,Lucknow,Uttar Pradesh,Architect,2087260,642,2024-01-15
C304,Rhea Savant,Female,50,Pune,Maharashtra,Software Engineer,1778740,757,2023-10-23
C305,Parinaaz Korpal,Female,25,Jaipur,Rajasthan,Teacher,2003769,693,2025-01-29
C306,Akarsh Thakur,Male,23,Kolkata,West Bengal,Businessman,2137830,608,2023-01-30
C307,Kiara Atwal,Male,37,Patna,Bihar,Data Analyst,1818969,698,2022-03-10
C308,Jhanvi Ramaswamy,Male,60,Kochi,Kerala,Businessman,2187112,842,2025-11-15
C309,Anay Bhatti,Female,50,Hyderabad,Telangana,Teacher,877535,735,2024-09-30
C310,Ryan Kumer,Female,42,Hyderabad,Telangana,Police Officer,1346947,845,2024-11-23
C311,Eshani Bobal,Male,33,Mumbai,Maharashtra,Professor,2471581,699,2022-11-16
C312,Ojas Thakkar,Male,38,Kolkata,West Bengal,Police Officer,2171805,654,2022-08-20
C313,Divyansh Bhatia,Female,53,Kochi,Kerala,Doctor,814378,634,2024-02-25
C314,Aradhya Doctor,Female,33,Mumbai,Maharashtra,Professor,668221,807,2024-05-01
C315,Piya Ramachandran,Female,26,Hyderabad,Telangana,Accountant,1517867,828,2026-04-10
C316,Ryan Vala,Male,33,Lucknow,Uttar Pradesh,Data Analyst,2433876,657,2022-02-19
C317,Lakshit Majumdar,Male,30,Mumbai,Maharashtra,Doctor,2372078,606,2023-10-10
C318,Ojas Dora,Female,51,Hyderabad,Telangana,Accountant,844299,756,2025-07-27
C319,Umang Bhat,Male,41,Mumbai,Maharashtra,Manager,2307666,734,2023-11-18
C320,Azad Wadhwa,Female,58,Jaipur,Rajasthan,Teacher,825658,848,2025-06-27
C321,Stuvan Sodhi,Male,50,Hyderabad,Telangana,Professor,2469965,688,2024-03-15
C322,Kimaya Thakur,Male,30,Patna,Bihar,Manager,2409163,833,2025-12-08
C323,Dhruv Sachar,Male,55,Delhi,Delhi,Businessman,1575590,642,2025-08-28
C324,Jivika Kapadia,Female,36,Patna,Bihar,Data Analyst,2476415,829,2025-02-18
C325,Vaibhav Badal,Male,38,Lucknow,Uttar Pradesh,Doctor,1451131,632,2022-10-08
C326,Ivan Balay,Male,54,Lucknow,Uttar Pradesh,Businessman,946737,643,2023-03-25
C327,Chirag Barman,Female,58,Kochi,Kerala,Software Engineer,419007,620,2026-04-07
C328,Tara Dash,Female,35,Delhi,Delhi,Architect,2047291,758,2023-11-22
C329,Heer Khanna,Female,56,Delhi,Delhi,Police Officer,1567074,723,2024-11-21
C330,Nitara Deep,Female,41,Chandigarh,Punjab,Professor,606071,776,2024-09-13
C331,Ivana Suresh,Male,50,Delhi,Delhi,Manager,2331096,718,2022-04-20
C332,Azad Sandal,Female,60,Chandigarh,Punjab,Businessman,1611066,820,2022-10-17
C333,Arhaan Kala,Female,47,Hyderabad,Telangana,Businessman,1854158,731,2024-04-01
C334,Ahana  Kara,Male,42,Kolkata,West Bengal,Doctor,2256527,631,2022-04-19
C335,Jayesh Bhat,Female,37,Lucknow,Uttar Pradesh,Businessman,706057,612,2026-01-27
C336,Navya Chacko,Female,48,Lucknow,Uttar Pradesh,Doctor,969828,808,2024-01-18
C337,Rania Bandi,Female,34,Hyderabad,Telangana,Businessman,2389877,731,2025-03-18
C338,Ira Gala,Female,41,Pune,Maharashtra,Professor,397208,623,2022-03-11
C339,Shlok Sahni,Female,37,Jaipur,Rajasthan,Doctor,1780149,612,2024-04-08
C340,Indranil Raju,Female,53,Delhi,Delhi,Architect,2273784,673,2022-03-16
C341,Indrajit Raval,Male,28,Kolkata,West Bengal,Manager,861763,825,2026-03-30
C342,Zeeshan Bhalla,Female,47,Lucknow,Uttar Pradesh,Data Analyst,489760,702,2026-01-13
C343,Shamik Sood,Male,45,Delhi,Delhi,Accountant,1510483,618,2025-06-24
C344,Vritika Bajwa,Female,57,Jaipur,Rajasthan,Police Officer,798329,632,2023-05-19
C345,Akarsh Devan,Female,45,Mumbai,Maharashtra,Data Analyst,1833464,793,2021-11-26
C346,Kabir Vohra,Male,60,Patna,Bihar,Accountant,1983539,728,2021-11-26
C347,Zain Sampath,Male,24,Delhi,Delhi,Businessman,1696873,805,2022-08-05
C348,Emir Yohannan,Female,31,Pune,Maharashtra,Architect,2462187,635,2023-04-25
C349,Seher Bakshi,Female,32,Hyderabad,Telangana,Manager,1555079,751,2022-04-08
C350,Taran Chadha,Female,58,Hyderabad,Telangana,Police Officer,2291843,808,2022-02-22
C351,Mannat Grewal,Female,43,Delhi,Delhi,Teacher,2047096,749,2025-07-02
C352,Tanya Goda,Male,60,Lucknow,Uttar Pradesh,Professor,1413715,847,2025-03-20
C353,Nayantara Mall,Male,25,Kochi,Kerala,Architect,2315148,643,2022-08-20
C354,Samiha Shah,Female,31,Kolkata,West Bengal,Doctor,432416,746,2023-09-20
C355,Dharmajan Hayre,Male,23,Mumbai,Maharashtra,Professor,1615721,707,2022-08-09
C356,Vardaniya Sarkar,Female,35,Patna,Bihar,Manager,2404783,798,2021-07-17
C357,Amira Devi,Female,25,Kochi,Kerala,Businessman,2475515,653,2023-09-15
C358,Piya Deshmukh,Female,52,Kolkata,West Bengal,Accountant,1880517,680,2023-10-08
C359,Ritvik Bhalla,Female,56,Patna,Bihar,Data Analyst,1785987,773,2026-04-22
C360,Parinaaz Hayre,Female,34,Lucknow,Uttar Pradesh,Doctor,1470237,742,2023-07-01
C361,Mahika Krish,Male,41,Lucknow,Uttar Pradesh,Police Officer,1169386,776,2025-04-11
C362,Siya Bera,Female,52,Pune,Maharashtra,Data Analyst,1446964,673,2023-11-09
C363,Shalv Raju,Female,47,Mumbai,Maharashtra,Data Analyst,914365,674,2022-11-22
C364,Advik Ben,Female,27,Delhi,Delhi,Data Analyst,2155459,767,2026-02-20
C365,Lavanya Virk,Female,35,Lucknow,Uttar Pradesh,Doctor,1437213,838,2024-04-21
C366,Zeeshan Hora,Female,30,Kolkata,West Bengal,Teacher,1303621,662,2025-12-31
C367,Madhup Devi,Male,36,Delhi,Delhi,Software Engineer,720260,705,2022-09-07
C368,Yakshit Vaidya,Female,28,Hyderabad,Telangana,Businessman,321732,846,2022-10-15
C369,Vardaniya Wason,Male,48,Kolkata,West Bengal,Professor,2302564,766,2024-03-21
C370,Riya Suri,Female,42,Chandigarh,Punjab,Police Officer,548145,832,2024-07-25
C371,Jayan Borde,Male,56,Mumbai,Maharashtra,Software Engineer,1034274,706,2021-09-26
C372,Rhea Gill,Male,47,Patna,Bihar,Professor,1081447,839,2022-07-26
C373,Rhea Datta,Male,22,Lucknow,Uttar Pradesh,Police Officer,750051,837,2024-03-11
C374,Kavya Tak,Female,51,Hyderabad,Telangana,Accountant,2499151,726,2024-09-30
C375,Urvi Chander,Female,39,Patna,Bihar,Doctor,772474,684,2024-08-18
C376,Zara Suri,Female,38,Patna,Bihar,Businessman,359073,788,2025-11-16
C377,Manjari Sharma,Female,58,Hyderabad,Telangana,Doctor,1036079,756,2024-05-07
C378,Ela Bains,Female,54,Jaipur,Rajasthan,Data Analyst,663804,702,2024-04-28
C379,Ryan Swamy,Male,30,Mumbai,Maharashtra,Professor,1657283,839,2024-07-29
C380,Kismat Krish,Male,38,Chandigarh,Punjab,Manager,1287847,714,2021-07-20
C381,Keya Khanna,Female,41,Lucknow,Uttar Pradesh,Architect,347964,666,2023-10-15
C382,Advik Raval,Male,25,Hyderabad,Telangana,Teacher,2252008,678,2022-09-04
C383,Sahil Halder,Female,54,Patna,Bihar,Police Officer,792477,763,2021-06-08
C384,Rhea Bava,Female,36,Lucknow,Uttar Pradesh,Doctor,860228,722,2024-12-16
C385,Amani Jha,Female,60,Patna,Bihar,Data Analyst,2044182,779,2022-02-11
C386,Tarini Dhingra,Female,56,Kolkata,West Bengal,Doctor,1337945,774,2023-03-02
C387,Anahita Sabharwal,Male,55,Kochi,Kerala,Professor,1817435,619,2024-03-31
C388,Myra Jha,Male,25,Kochi,Kerala,Accountant,2420166,651,2023-01-07
C389,Veer Chaudhuri,Male,32,Kochi,Kerala,Data Analyst,2482470,713,2026-04-16
C390,Bhamini Kaur,Male,59,Mumbai,Maharashtra,Professor,681436,830,2023-10-18
C391,Sahil Sampath,Female,25,Kolkata,West Bengal,Professor,853414,731,2022-05-29
C392,Reyansh Ramaswamy,Female,58,Jaipur,Rajasthan,Software Engineer,2239355,772,2021-08-28
C393,Zoya Konda,Male,47,Lucknow,Uttar Pradesh,Police Officer,312647,790,2025-06-25
C394,Ishaan Ganguly,Male,24,Chandigarh,Punjab,Manager,1745058,779,2022-01-06
C395,Siya Shroff,Male,26,Mumbai,Maharashtra,Professor,433105,673,2025-01-27
C396,Saanvi Sodhi,Male,30,Jaipur,Rajasthan,Manager,1870602,828,2024-08-01
C397,Nayantara Dani,Female,46,Jaipur,Rajasthan,Manager,636592,774,2025-03-28
C398,Kaira Gill,Male,44,Kolkata,West Bengal,Teacher,1048572,737,2022-06-25
C399,Kiaan Boase,Male,36,Jaipur,Rajasthan,Software Engineer,395358,850,2023-06-17
C400,Dhanuk Gaba,Female,56,Lucknow,Uttar Pradesh,Manager,1890800,810,2021-08-29
C401,Damini Sandhu,Male,51,Chandigarh,Punjab,Data Analyst,950626,670,2021-07-15
C402,Arhaan Bera,Male,24,Chandigarh,Punjab,Manager,365623,661,2022-11-04
C403,Aaina Dasgupta,Male,28,Chandigarh,Punjab,Architect,440829,714,2025-01-18
C404,Jhanvi Dey,Male,37,Kochi,Kerala,Software Engineer,1987223,712,2025-07-27
C405,Tushar Konda,Male,25,Chandigarh,Punjab,Businessman,2413492,674,2023-05-09
C406,Himmat Thaman,Female,58,Chandigarh,Punjab,Architect,1644966,660,2025-04-20
C407,Kanav Dyal,Male,55,Lucknow,Uttar Pradesh,Doctor,2034597,676,2025-11-16
C408,Shray Dey,Male,57,Lucknow,Uttar Pradesh,Architect,1034561,760,2026-01-12
C409,Hazel Bhatnagar,Female,25,Jaipur,Rajasthan,Data Analyst,1898678,801,2023-10-29
C410,Purab Iyer,Female,48,Kolkata,West Bengal,Manager,925864,676,2024-02-02
C411,Adah Ghose,Male,56,Jaipur,Rajasthan,Professor,1310693,817,2023-10-01
C412,Raghav Khosla,Female,31,Chandigarh,Punjab,Professor,541692,743,2021-10-28
C413,Reyansh Dutt,Female,57,Jaipur,Rajasthan,Accountant,862425,699,2023-04-10
C414,Jayant Sarkar,Female,35,Chandigarh,Punjab,Data Analyst,631645,836,2025-10-13
C415,Kiaan Chhabra,Female,27,Pune,Maharashtra,Accountant,1098937,613,2023-07-15
C416,Indrans Dugar,Female,60,Lucknow,Uttar Pradesh,Architect,465874,823,2024-08-17
C417,Ayesha Wali,Male,59,Mumbai,Maharashtra,Accountant,1210233,722,2024-07-24
C418,Vardaniya Loke,Female,41,Chandigarh,Punjab,Software Engineer,1188386,839,2025-09-07
C419,Shray Hegde,Male,52,Chandigarh,Punjab,Doctor,1157790,701,2025-07-07
C420,Anahi Chaudhry,Female,40,Chandigarh,Punjab,Manager,2255596,736,2024-03-28
C421,Vihaan Krishnamurthy,Female,38,Hyderabad,Telangana,Data Analyst,2450908,825,2022-11-28
C422,Renee Sane,Female,28,Pune,Maharashtra,Professor,1643155,834,2024-03-20
C423,Arhaan Shere,Female,42,Chandigarh,Punjab,Manager,491744,744,2025-03-20
C424,Hazel Lalla,Male,23,Chandigarh,Punjab,Police Officer,2051449,675,2024-08-10
C425,Onkar Kata,Male,43,Patna,Bihar,Doctor,1893163,745,2025-02-25
C426,Anya Gour,Female,57,Chandigarh,Punjab,Data Analyst,1379306,795,2023-09-10
C427,Anvi Bahri,Female,51,Pune,Maharashtra,Businessman,1777133,643,2024-01-26
C428,Zoya Chaudhry,Female,33,Patna,Bihar,Accountant,546340,734,2024-02-02
C429,Stuvan Rege,Male,25,Delhi,Delhi,Software Engineer,2029698,635,2025-10-06
C430,Zoya Barad,Male,31,Chandigarh,Punjab,Software Engineer,1217376,729,2024-11-23
C431,Nitara Mahajan,Female,25,Pune,Maharashtra,Architect,2326705,768,2023-06-13
C432,Bhamini Doshi,Male,22,Pune,Maharashtra,Accountant,2025278,603,2025-02-14
C433,Bhamini Anand,Female,56,Delhi,Delhi,Police Officer,371901,728,2025-05-02
C434,Tejas Sem,Male,28,Jaipur,Rajasthan,Teacher,2499431,638,2024-06-20
C435,Vihaan Chauhan,Male,55,Chandigarh,Punjab,Police Officer,1786633,668,2022-09-26
C436,Jayesh Gopal,Male,45,Jaipur,Rajasthan,Manager,2225176,744,2024-09-20
C437,Neysa Kade,Male,41,Chandigarh,Punjab,Teacher,432894,623,2021-07-20
C438,Rasha Maharaj,Female,46,Jaipur,Rajasthan,Accountant,2296510,614,2024-04-07
C439,Inaaya  Ahuja,Male,27,Delhi,Delhi,Professor,2119948,765,2025-04-05
C440,Sara Mander,Male,55,Hyderabad,Telangana,Software Engineer,1263710,654,2022-09-19
C441,Dhruv Chahal,Female,39,Kochi,Kerala,Software Engineer,611838,775,2025-09-28
C442,Adah Ravel,Male,33,Lucknow,Uttar Pradesh,Data Analyst,365674,846,2023-05-02
C443,Diya Swamy,Male,47,Chandigarh,Punjab,Teacher,1555258,641,2025-05-16
C444,Nehmat Kapadia,Male,58,Kochi,Kerala,Manager,1691375,698,2025-07-17
C445,Armaan Baria,Male,54,Patna,Bihar,Data Analyst,525219,625,2023-11-09
C446,Krish Bhasin,Male,26,Jaipur,Rajasthan,Data Analyst,1963893,848,2024-08-19
C447,Aayush Salvi,Male,39,Hyderabad,Telangana,Professor,2357740,658,2023-09-09
C448,Parinaaz Babu,Female,49,Hyderabad,Telangana,Businessman,1894140,621,2022-12-23
C449,Aarush Venkataraman,Female,37,Kochi,Kerala,Teacher,644092,668,2026-03-08
C450,Aniruddh Choudhry,Female,31,Patna,Bihar,Manager,1628244,692,2025-01-27
C451,Sahil Sahni,Male,22,Mumbai,Maharashtra,Police Officer,2165357,692,2023-12-03
C452,Aradhya Sharma,Male,30,Lucknow,Uttar Pradesh,Teacher,1085978,710,2022-04-20
C453,Riya Bora,Female,28,Pune,Maharashtra,Software Engineer,675888,690,2023-05-30
C454,Kismat Taneja,Male,60,Kolkata,West Bengal,Architect,1660759,821,2025-05-15
C455,Pihu Sankar,Male,40,Jaipur,Rajasthan,Manager,1926549,799,2025-03-03
C456,Nishith Chacko,Male,58,Mumbai,Maharashtra,Accountant,1011282,775,2025-02-11
C457,Drishya Bahri,Male,30,Jaipur,Rajasthan,Police Officer,1563036,668,2022-03-15
C458,Ranbir Mannan,Male,26,Pune,Maharashtra,Businessman,2123164,670,2024-01-27
C459,Baiju Sangha,Female,52,Jaipur,Rajasthan,Teacher,1814667,664,2022-02-01
C460,Abram Dutt,Female,60,Chandigarh,Punjab,Architect,1120188,717,2023-04-14
C461,Tejas Dewan,Male,41,Mumbai,Maharashtra,Software Engineer,1959652,685,2025-09-16
C462,Amira Dewan,Female,43,Kochi,Kerala,Professor,1703985,710,2023-04-25
C463,Hridaan Chatterjee,Male,41,Kochi,Kerala,Data Analyst,1142432,722,2024-10-15
C464,Reyansh Venkataraman,Male,47,Hyderabad,Telangana,Data Analyst,1522422,788,2023-08-26
C465,Ehsaan Baria,Male,42,Pune,Maharashtra,Manager,1475664,809,2024-02-12
C466,Darshit Bains,Female,29,Jaipur,Rajasthan,Architect,1138022,751,2022-08-19
C467,Alia Talwar,Male,57,Kolkata,West Bengal,Software Engineer,2236183,841,2025-11-20
C468,Vedika Gera,Female,40,Chandigarh,Punjab,Teacher,2016064,772,2023-12-05
C469,Prisha Edwin,Male,41,Pune,Maharashtra,Doctor,1359823,768,2022-08-04
C470,Amira Bakshi,Female,46,Patna,Bihar,Teacher,2183522,753,2021-05-29
C471,Biju Samra,Female,56,Pune,Maharashtra,Accountant,2054480,739,2022-02-17
C472,Parinaaz Sachdev,Female,56,Delhi,Delhi,Architect,656440,627,2025-06-19
C473,Arnav Sheth,Female,32,Chandigarh,Punjab,Architect,485793,744,2024-12-08
C474,Kimaya Rau,Female,49,Jaipur,Rajasthan,Teacher,344240,625,2021-10-24
C475,Advik Shankar,Male,54,Lucknow,Uttar Pradesh,Accountant,1227074,714,2021-12-23
C476,Eva Kara,Female,51,Hyderabad,Telangana,Architect,2399105,638,2025-02-25
C477,Hansh Acharya,Male,52,Hyderabad,Telangana,Teacher,1539132,706,2026-03-07
C478,Riaan Warrior,Male,31,Mumbai,Maharashtra,Data Analyst,1608162,687,2022-09-16
C479,Tarini Golla,Male,55,Pune,Maharashtra,Professor,1760877,721,2022-04-03
C480,Rati Tiwari,Female,50,Mumbai,Maharashtra,Data Analyst,581749,676,2023-08-08
C481,Tarini Iyengar,Male,23,Delhi,Delhi,Data Analyst,758700,773,2023-12-20
C482,Drishya Wali,Male,55,Patna,Bihar,Businessman,971657,684,2023-04-06
C483,Vihaan Char,Female,51,Kolkata,West Bengal,Doctor,1998892,761,2022-10-25
C484,Sahil Ramakrishnan,Male,49,Patna,Bihar,Manager,422441,788,2023-05-26
C485,Jayant Gandhi,Male,50,Kochi,Kerala,Architect,2101675,699,2022-06-07
C486,Emir Kaur,Male,35,Delhi,Delhi,Police Officer,562411,747,2021-12-30
C487,Priyansh Goel,Male,45,Mumbai,Maharashtra,Data Analyst,1126589,717,2022-05-05
C488,Sana Batra,Female,53,Mumbai,Maharashtra,Accountant,1614512,752,2024-08-12
C489,Nirvaan Dash,Female,59,Jaipur,Rajasthan,Teacher,1759301,690,2021-05-18
C490,Ivana Arya,Male,41,Pune,Maharashtra,Architect,655475,772,2024-08-23
C491,Vidur Srinivasan,Female,29,Patna,Bihar,Doctor,1580856,629,2025-08-10
C492,Gatik Solanki,Female,31,Patna,Bihar,Accountant,1929333,707,2026-02-10
C493,Hazel Ghosh,Male,58,Kochi,Kerala,Manager,2074353,647,2022-04-14
C494,Kaira Khurana,Male,57,Pune,Maharashtra,Businessman,2353707,673,2022-12-03
C495,Shlok Kota,Male,42,Patna,Bihar,Professor,524861,821,2023-04-23
C496,Kanav Ghose,Male,53,Hyderabad,Telangana,Businessman,1118428,808,2023-01-05
C497,Amira Gill,Female,48,Jaipur,Rajasthan,Professor,2043280,781,2021-05-26
C498,Dhruv Bajwa,Female,32,Pune,Maharashtra,Teacher,429439,803,2022-12-10
C499,Rohan Saha,Female,24,Chandigarh,Punjab,Police Officer,1243061,737,2025-01-07
C500,Dharmajan Aggarwal,Male,51,Lucknow,Uttar Pradesh,Architect,2377494,740,2021-05-22
