loan_id,customer_id,branch_id,loan_type,loan_amount,interest_rate,loan_term_months,emi_amount,loan_status,approval_date,disbursed_amount,remaining_balance
L001,C001,B452,Education Loan,2261792,12.4,300,30911.16,Default,2022-08-31,2261792,1728020
L002,C002,B215,Car Loan,711529,8.2,240,7826.82,Closed,2026-02-27,711529,143902
L003,C003,B246,Education Loan,4760522,13.5,240,73391.38,Default,2022-10-24,4760522,3012450
L004,C004,B139,Car Loan,3085967,14.3,180,53918.7,Active,2025-06-22,3085967,1628989
L005,C005,B030,Personal Loan,2874938,12.0,24,148538.46,Pending,2024-01-24,2874938,1178317
L006,C006,B337,Car Loan,2152550,14.8,36,86341.17,Pending,2023-08-16,2152550,1039587
L007,C007,B295,Personal Loan,4676912,13.6,24,247876.34,Pending,2023-09-14,4676912,1840557
L008,C008,B358,Business Loan,1657202,8.8,180,21359.49,Active,2023-04-23,1657202,1547918
L009,C009,B486,Car Loan,3150123,14.6,48,103954.06,Default,2025-12-12,3150123,2361849
L010,C010,B047,Home Loan,4747670,9.8,300,54598.2,Closed,2024-05-10,4747670,318462
L011,C011,B170,Education Loan,2035502,7.6,300,19676.52,Closed,2025-11-18,2035502,1433
L012,C012,B031,Home Loan,1294625,10.1,48,37867.78,Closed,2022-06-06,1294625,678614
L013,C013,B192,Personal Loan,1388268,13.3,180,23099.24,Active,2025-12-18,1388268,152109
L014,C014,B375,Personal Loan,3023278,9.8,48,87675.06,Default,2023-09-06,3023278,660619
L015,C015,B341,Education Loan,2861566,8.8,180,36882.41,Closed,2022-09-25,2861566,936324
L016,C016,B091,Home Loan,3374115,9.8,120,55672.9,Default,2025-01-20,3374115,534137
L017,C017,B328,Education Loan,4960390,7.7,180,59386.89,Active,2023-01-19,4960390,1853003
L018,C018,B178,Business Loan,4362301,8.6,36,152438.18,Closed,2022-12-12,4362301,1996454
L019,C019,B006,Business Loan,944287,13.7,180,16026.65,Closed,2022-06-08,944287,468325
L020,C020,B403,Home Loan,2293300,12.7,180,37011.31,Active,2025-05-13,2293300,1076501
L021,C021,B453,Personal Loan,603890,10.4,240,7749.92,Default,2025-03-02,603890,174418
L022,C022,B425,Personal Loan,3376871,10.1,240,42492.29,Closed,2024-02-20,3376871,425422
L023,C023,B011,Business Loan,1564461,10.9,24,79396.4,Pending,2026-01-22,1564461,618468
L024,C024,B083,Home Loan,1078497,8.1,48,29748.54,Active,2023-07-12,1078497,787392
L025,C025,B016,Personal Loan,3034934,12.0,300,40465.79,Closed,2023-11-22,3034934,2954906
L026,C026,B106,Car Loan,3842336,8.7,36,134588.49,Default,2024-02-13,3842336,1388711
L027,C027,B153,Car Loan,4848231,12.9,120,92520.41,Active,2025-09-16,4848231,2361586
L028,C028,B028,Business Loan,616372,10.4,300,7396.46,Active,2024-04-05,616372,161050
L029,C029,B050,Home Loan,3787018,8.2,300,38501.35,Closed,2025-08-11,3787018,837496
L030,C030,B433,Home Loan,1633044,12.3,36,62101.03,Pending,2024-05-13,1633044,993149
L031,C031,B329,Education Loan,3534197,11.0,120,61848.45,Default,2023-03-13,3534197,382255
L032,C032,B096,Personal Loan,1750896,10.3,240,22323.92,Active,2025-03-21,1750896,774691
L033,C033,B429,Business Loan,2408686,10.8,120,41750.56,Active,2022-06-22,2408686,948928
L034,C034,B343,Business Loan,1467775,13.1,36,56794.74,Default,2023-11-12,1467775,179741
L035,C035,B495,Education Loan,2108515,11.7,240,29343.5,Default,2022-07-30,2108515,1755870
L036,C036,B463,Home Loan,2176708,11.1,36,80598.66,Closed,2023-02-03,2176708,1655929
L037,C037,B486,Car Loan,1208997,14.6,300,18739.45,Closed,2022-09-11,1208997,362553
L038,C038,B350,Personal Loan,1816703,8.4,240,20286.52,Closed,2025-11-26,1816703,164350
L039,C039,B467,Home Loan,1440492,13.8,120,28569.76,Active,2024-07-12,1440492,670563
L040,C040,B267,Personal Loan,3455611,11.7,180,52890.05,Active,2022-09-24,3455611,1158470
L041,C041,B077,Car Loan,4583567,13.4,36,178504.47,Active,2024-04-26,4583567,3476594
L042,C042,B445,Education Loan,1086129,11.7,36,40760.01,Pending,2025-07-21,1086129,599980
L043,C043,B312,Personal Loan,3646795,9.5,300,41026.44,Active,2023-03-12,3646795,2399239
L044,C044,B312,Personal Loan,1644516,9.6,48,47416.88,Active,2023-07-23,1644516,1296552
L045,C045,B122,Home Loan,3520150,14.2,180,61211.5,Default,2025-06-15,3520150,2896224
L046,C046,B419,Business Loan,2453048,14.2,24,131238.07,Pending,2025-08-07,2453048,1417113
L047,C047,B069,Business Loan,2551718,13.8,36,100225.81,Default,2024-02-29,2551718,956122
L048,C048,B331,Home Loan,2891638,9.5,240,34940.63,Closed,2024-06-10,2891638,2537466
L049,C049,B249,Education Loan,3905387,9.1,240,45888.3,Pending,2025-10-23,3905387,3107747
L050,C050,B160,Education Loan,671488,11.4,48,20368.47,Default,2025-06-25,671488,68804
L051,C051,B099,Car Loan,1337913,13.4,24,70686.4,Active,2023-02-03,1337913,364353
L052,C052,B361,Car Loan,2292876,7.7,24,110249.12,Pending,2026-03-03,2292876,1511522
L053,C053,B473,Home Loan,3289959,13.7,240,51268.53,Active,2025-10-18,3289959,2665101
L054,C054,B492,Personal Loan,2229523,10.3,300,26568.48,Pending,2023-07-13,2229523,744839
L055,C055,B047,Business Loan,3087769,8.7,120,48117.73,Active,2024-01-29,3087769,2889248
L056,C056,B332,Car Loan,3442747,7.9,60,80043.87,Closed,2025-04-12,3442747,928413
L057,C057,B243,Car Loan,2457236,12.4,24,127776.27,Closed,2023-05-04,2457236,37320
L058,C058,B217,Personal Loan,270998,9.2,120,4335.97,Pending,2025-11-14,270998,144377
L059,C059,B347,Education Loan,4050354,9.4,300,45228.95,Default,2023-06-19,4050354,1267288
L060,C060,B153,Home Loan,1058256,7.6,180,12581.49,Default,2025-09-09,1058256,592816
L061,C061,B167,Business Loan,735504,10.0,120,12258.4,Pending,2024-06-16,735504,671712
L062,C062,B413,Education Loan,2706441,8.9,60,65180.12,Default,2023-03-31,2706441,238130
L063,C063,B255,Business Loan,2880879,12.6,24,150285.85,Pending,2024-06-08,2880879,2748949
L064,C064,B363,Education Loan,3711183,10.5,24,187105.48,Closed,2024-03-25,3711183,2445378
L065,C065,B274,Personal Loan,3078693,12.9,60,84407.5,Pending,2025-11-24,3078693,2878626
L066,C066,B151,Home Loan,4455665,9.8,48,129214.29,Default,2022-07-24,4455665,1519477
L067,C067,B336,Home Loan,1273273,13.1,48,40426.42,Closed,2026-04-15,1273273,703872
L068,C068,B404,Business Loan,3180333,9.2,120,50885.33,Pending,2023-03-22,3180333,1763589
L069,C069,B241,Home Loan,2385729,11.9,300,31610.91,Active,2022-05-27,2385729,494011
L070,C070,B349,Personal Loan,4161265,14.2,36,164832.33,Pending,2024-10-20,4161265,3638549
L071,C071,B103,Business Loan,3665394,7.9,48,100492.89,Default,2025-10-11,3665394,576151
L072,C072,B162,Car Loan,4976503,14.2,300,75476.96,Active,2025-03-24,4976503,1201451
L073,C073,B325,Home Loan,4290124,10.0,48,125128.62,Active,2025-10-29,4290124,2629107
L074,C074,B392,Car Loan,3992097,9.6,48,115105.46,Default,2024-01-03,3992097,2417088
L075,C075,B220,Personal Loan,938544,8.5,240,10558.62,Default,2022-12-20,938544,664259
L076,C076,B375,Business Loan,4204723,10.4,24,211637.72,Active,2026-03-23,4204723,1672807
L077,C077,B347,Home Loan,2902919,13.2,60,80314.09,Closed,2022-06-18,2902919,75145
L078,C078,B067,Home Loan,2098054,12.7,180,33860.26,Default,2022-10-08,2098054,1309009
L079,C079,B422,Home Loan,4422292,11.9,48,135985.48,Pending,2023-09-21,4422292,547667
L080,C080,B455,Car Loan,2639640,10.9,180,38641.4,Pending,2026-05-11,2639640,1818923
L081,C081,B486,Personal Loan,4311916,10.2,60,108516.55,Active,2023-08-06,4311916,1383143
L082,C082,B376,Home Loan,2116111,9.2,48,60309.16,Closed,2024-01-31,2116111,885796
L083,C083,B449,Business Loan,1233157,10.2,24,61863.38,Active,2023-01-03,1233157,786835
L084,C084,B354,Home Loan,602320,12.5,24,31370.83,Default,2022-10-30,602320,50578
L085,C085,B360,Car Loan,3927178,10.4,120,66762.03,Closed,2023-05-03,3927178,1989762
L086,C086,B139,Education Loan,278052,9.8,36,9994.42,Closed,2025-05-26,278052,272791
L087,C087,B369,Education Loan,3713365,13.7,36,145543.28,Active,2024-05-18,3713365,2145742
L088,C088,B102,Education Loan,2571516,8.4,36,89431.61,Closed,2024-02-13,2571516,2087668
L089,C089,B361,Personal Loan,2406152,13.7,60,67572.77,Pending,2022-06-03,2406152,1501232
L090,C090,B353,Personal Loan,1545311,7.8,300,15195.56,Pending,2025-06-19,1545311,435565
L091,C091,B428,Education Loan,2167172,7.5,36,73744.05,Default,2023-06-03,2167172,463180
L092,C092,B464,Business Loan,1451114,14.6,36,57963.94,Closed,2022-07-19,1451114,212421
L093,C093,B238,Home Loan,4031507,14.9,120,83653.77,Active,2023-12-17,4031507,1107820
L094,C094,B411,Business Loan,1665504,14.1,120,33448.87,Default,2022-07-27,1665504,755424
L095,C095,B437,Car Loan,1172248,8.2,24,56854.03,Closed,2026-04-10,1172248,20284
L096,C096,B138,Home Loan,2957006,10.2,300,34991.24,Pending,2023-06-10,2957006,2608047
L097,C097,B493,Personal Loan,3074966,8.9,240,35618.36,Pending,2023-12-28,3074966,1678771
L098,C098,B216,Car Loan,3435616,12.7,300,47812.32,Active,2022-12-24,3435616,3355019
L099,C099,B054,Personal Loan,1311587,12.7,24,68530.42,Default,2023-05-24,1311587,334276
L100,C100,B399,Business Loan,4972643,12.6,48,155809.48,Active,2022-08-03,4972643,3185580
L101,C101,B455,Personal Loan,1296016,11.1,300,16308.2,Default,2026-02-17,1296016,236847
L102,C102,B361,Education Loan,585643,8.0,180,7157.86,Closed,2026-02-19,585643,12960
L103,C103,B339,Car Loan,3037871,11.4,36,113245.08,Default,2023-03-02,3037871,1815495
L104,C104,B430,Education Loan,3100356,12.5,240,45213.53,Active,2022-09-06,3100356,623501
L105,C105,B435,Personal Loan,297684,12.3,48,9253.01,Default,2026-03-28,297684,265063
L106,C106,B124,Business Loan,1587508,8.1,300,16007.37,Pending,2024-12-19,1587508,672417
L107,C107,B419,Car Loan,622372,11.3,240,8453.89,Active,2025-10-08,622372,422866
L108,C108,B439,Personal Loan,4051164,10.8,300,49964.36,Default,2023-01-20,4051164,369182
L109,C109,B010,Home Loan,2851316,8.4,300,29463.6,Default,2025-01-14,2851316,2740445
L110,C110,B047,Education Loan,3658946,7.8,24,176239.23,Pending,2025-09-21,3658946,3464112
L111,C111,B187,Home Loan,4464246,11.7,300,58407.22,Closed,2024-01-14,4464246,2859292
L112,C112,B337,Business Loan,4012286,10.0,300,46810.0,Default,2024-12-20,4012286,3005881
L113,C113,B175,Business Loan,1156497,8.2,60,27177.68,Pending,2024-05-27,1156497,4607
L114,C114,B460,Car Loan,4794361,11.4,36,178723.12,Default,2022-11-05,4794361,384014
L115,C115,B131,Education Loan,1378173,13.7,240,21476.53,Closed,2025-05-19,1378173,224314
L116,C116,B235,Car Loan,1773228,8.4,240,19801.05,Pending,2023-08-01,1773228,452123
L117,C117,B396,Personal Loan,1104004,13.2,24,58144.21,Default,2025-10-03,1104004,258409
L118,C118,B272,Home Loan,4429515,8.5,300,46140.78,Default,2026-01-25,4429515,36386
L119,C119,B375,Car Loan,4251126,14.4,48,139578.64,Active,2023-05-26,4251126,1456684
L120,C120,B452,Personal Loan,3449793,12.4,180,54813.38,Default,2024-10-02,3449793,2114391
L121,C121,B232,Car Loan,2282377,9.6,180,30938.89,Closed,2022-10-14,2282377,1233853
L122,C122,B360,Education Loan,3662359,12.0,120,67143.25,Pending,2023-08-13,3662359,3536110
L123,C123,B320,Business Loan,4843778,12.2,60,129974.71,Pending,2025-12-25,4843778,1759197
L124,C124,B278,Business Loan,1312931,14.9,48,43654.96,Active,2023-08-02,1312931,1056741
L125,C125,B383,Education Loan,3154784,11.7,240,43904.08,Pending,2024-07-19,3154784,2827982
L126,C126,B196,Car Loan,3743233,13.6,36,146402.0,Active,2023-02-15,3743233,105999
L127,C127,B350,Business Loan,674835,9.0,48,19120.33,Closed,2022-11-09,674835,300538
L128,C128,B386,Education Loan,720369,12.7,120,13626.98,Active,2025-09-23,720369,213910
L129,C129,B445,Education Loan,3208846,13.6,36,125501.53,Closed,2026-02-18,3208846,2584147
L130,C130,B475,Personal Loan,4908278,10.4,120,83440.73,Default,2023-07-04,4908278,394095
L131,C131,B028,Home Loan,3694410,14.7,180,65781.02,Pending,2025-06-21,3694410,2315778
L132,C132,B116,Business Loan,1903619,12.2,300,25698.86,Closed,2024-07-07,1903619,1740601
L133,C133,B039,Car Loan,1823176,9.7,48,52720.17,Closed,2022-10-01,1823176,1431639
L134,C134,B143,Education Loan,4510459,8.4,24,219509.0,Pending,2023-11-19,4510459,3594584
L135,C135,B170,Personal Loan,1291077,8.7,120,20119.28,Closed,2026-04-25,1291077,11838
L136,C136,B397,Education Loan,535045,8.7,180,6851.55,Pending,2026-04-20,535045,53325
L137,C137,B402,Business Loan,4315039,13.4,180,72157.04,Closed,2023-07-04,4315039,611368
L138,C138,B279,Education Loan,1742405,11.4,48,52852.95,Default,2025-09-09,1742405,872271
L139,C139,B170,Business Loan,971295,10.1,60,24363.32,Pending,2024-03-09,971295,695556
L140,C140,B422,Home Loan,2662680,9.1,300,29067.59,Active,2023-06-26,2662680,2354408
L141,C141,B350,Business Loan,3102519,10.8,60,79631.32,Default,2024-08-09,3102519,167257
L142,C142,B467,Education Loan,1151050,10.4,120,19567.85,Pending,2023-09-22,1151050,51811
L143,C143,B023,Business Loan,4514337,13.5,300,65834.08,Closed,2022-11-13,4514337,4083613
L144,C144,B498,Education Loan,2886978,11.4,36,107620.12,Active,2025-01-10,2886978,702104
L145,C145,B218,Home Loan,749217,9.1,60,18168.51,Closed,2023-01-02,749217,718699
L146,C146,B383,Car Loan,4711009,13.7,240,73413.22,Active,2024-05-03,4711009,604990
L147,C147,B038,Home Loan,4052260,12.9,24,212405.96,Closed,2022-11-26,4052260,367089
L148,C148,B209,Personal Loan,2313157,11.7,60,61105.9,Default,2024-06-09,2313157,1084848
L149,C149,B345,Home Loan,3592755,10.7,24,181733.52,Active,2025-02-14,3592755,1633689
L150,C150,B184,Education Loan,730475,13.2,24,38471.68,Active,2025-10-20,730475,76115
L151,C151,B045,Business Loan,2631325,13.4,120,51310.84,Default,2024-01-29,2631325,2544121
L152,C152,B081,Education Loan,3399528,10.5,24,171392.87,Closed,2023-09-14,3399528,1988048
L153,C153,B074,Business Loan,1344050,13.1,120,25872.96,Pending,2023-03-18,1344050,1329690
L154,C154,B022,Home Loan,293534,11.7,48,8977.25,Default,2024-03-02,293534,64610
L155,C155,B108,Business Loan,4705957,11.6,36,176211.95,Closed,2023-08-14,4705957,2555934
L156,C156,B095,Car Loan,3661596,14.3,48,119917.27,Pending,2026-03-29,3661596,675091
L157,C157,B385,Education Loan,1830126,8.4,24,89066.13,Default,2023-08-13,1830126,1785489
L158,C158,B051,Car Loan,4810920,8.0,36,165709.47,Default,2023-04-23,4810920,2102920
L159,C159,B146,Education Loan,2975378,10.2,60,74880.35,Active,2026-01-19,2975378,419619
L160,C160,B316,Business Loan,1823183,9.9,300,21118.54,Closed,2025-12-28,1823183,688591
L161,C161,B087,Home Loan,4944194,11.8,180,76085.65,Pending,2024-02-08,4944194,3592902
L162,C162,B431,Business Loan,2265066,13.4,240,34731.01,Closed,2023-04-04,2265066,1160479
L163,C163,B184,Business Loan,2981351,14.1,300,44968.71,Default,2024-07-05,2981351,1867966
L164,C164,B440,Car Loan,4827758,8.3,36,167496.38,Closed,2023-08-28,4827758,2353977
L165,C165,B457,Home Loan,2408172,13.0,36,92982.2,Active,2026-04-04,2408172,316250
L166,C166,B283,Business Loan,3598514,13.3,60,99858.76,Default,2025-07-01,3598514,153747
L167,C167,B376,Business Loan,1446823,10.2,60,36411.71,Closed,2022-11-09,1446823,1236482
L168,C168,B187,Education Loan,4098195,11.3,36,152430.09,Active,2025-09-13,4098195,1664237
L169,C169,B072,Personal Loan,2203877,13.9,48,71442.35,Closed,2024-07-12,2203877,2156445
L170,C170,B375,Personal Loan,1702778,11.7,48,52076.63,Pending,2024-08-15,1702778,1543335
L171,C171,B033,Business Loan,539066,9.1,300,5884.8,Pending,2022-12-03,539066,243007
L172,C172,B199,Personal Loan,2163090,7.8,60,50111.58,Default,2023-02-02,2163090,1515198
L173,C173,B361,Education Loan,589545,7.8,180,7107.29,Pending,2022-10-11,589545,108239
L174,C174,B335,Personal Loan,2408855,11.8,48,73871.55,Pending,2025-12-23,2408855,1579824
L175,C175,B265,Personal Loan,852948,11.4,240,11656.96,Pending,2022-10-10,852948,233726
L176,C176,B004,Education Loan,3094340,11.2,300,39194.97,Closed,2023-09-03,3094340,2534244
L177,C177,B330,Business Loan,3890137,8.7,36,136262.85,Closed,2024-02-06,3890137,2158142
L178,C178,B368,Home Loan,1460307,8.9,180,18943.43,Closed,2026-04-13,1460307,1262528
L179,C179,B346,Personal Loan,3678031,13.6,36,143851.88,Default,2025-08-23,3678031,2019627
L180,C180,B125,Home Loan,1967512,11.9,240,27709.13,Closed,2025-05-03,1967512,47072
L181,C181,B076,Home Loan,1551649,8.5,24,75642.89,Closed,2024-12-08,1551649,1200135
L182,C182,B327,Home Loan,2366438,14.4,240,38257.41,Pending,2026-05-13,2366438,2363929
L183,C183,B247,Car Loan,919310,9.1,300,10035.8,Closed,2022-09-06,919310,909432
L184,C184,B338,Education Loan,3645762,12.0,48,112410.99,Pending,2023-01-12,3645762,2613939
L185,C185,B306,Education Loan,1606951,12.9,180,26202.23,Active,2024-12-09,1606951,950995
L186,C186,B009,Car Loan,2127817,10.3,48,62593.28,Default,2023-05-10,2127817,455376
L187,C187,B462,Education Loan,1454610,12.0,48,44850.47,Active,2025-03-22,1454610,997970
L188,C188,B247,Car Loan,4657957,11.3,36,173250.12,Active,2026-01-06,4657957,781734
L189,C189,B023,Education Loan,3819657,11.4,180,57507.06,Default,2023-08-04,3819657,3669279
L190,C190,B180,Education Loan,2125070,14.5,300,32761.5,Active,2022-05-25,2125070,1599021
L191,C191,B120,Home Loan,3769263,8.5,300,39263.16,Pending,2024-09-10,3769263,3212245
L192,C192,B364,Home Loan,4761146,10.6,60,121409.22,Active,2023-07-31,4761146,45881
L193,C193,B210,Business Loan,4560078,7.6,60,104881.79,Active,2025-09-30,4560078,2649975
L194,C194,B438,Education Loan,1498376,10.7,120,25846.99,Default,2022-10-12,1498376,547991
L195,C195,B387,Car Loan,4936797,10.2,120,83102.75,Default,2023-12-09,4936797,3334087
L196,C196,B190,Education Loan,4831391,13.4,300,70055.17,Default,2024-12-16,4831391,1499208
L197,C197,B377,Car Loan,2328841,14.9,180,41854.45,Active,2023-06-09,2328841,1669877
L198,C198,B110,Education Loan,2127461,10.8,48,63469.25,Default,2024-08-25,2127461,420599
L199,C199,B200,Home Loan,3039022,13.5,24,160814.91,Active,2023-08-22,3039022,674184
L200,C200,B033,Business Loan,1419103,11.0,240,18921.37,Closed,2025-02-21,1419103,184844
L201,C201,B197,Personal Loan,3310790,8.1,24,160297.42,Pending,2025-05-24,3310790,3038751
L202,C202,B254,Personal Loan,682034,14.6,48,22507.12,Active,2023-01-15,682034,671394
L203,C203,B018,Education Loan,1892042,13.9,120,37683.17,Closed,2025-01-05,1892042,408413
L204,C204,B336,Home Loan,1621725,12.6,180,26037.7,Closed,2023-10-01,1621725,501757
L205,C205,B343,Personal Loan,928490,15.0,240,15474.83,Default,2024-02-28,928490,370281
L206,C206,B282,Business Loan,1880325,11.4,36,70094.34,Pending,2024-11-11,1880325,189091
L207,C207,B311,Car Loan,3114832,14.7,120,64113.63,Default,2022-09-23,3114832,949152
L208,C208,B209,Education Loan,3588632,11.8,120,65193.48,Active,2022-07-16,3588632,734149
L209,C209,B485,Home Loan,4886134,8.0,120,73292.01,Pending,2025-12-13,4886134,2851840
L210,C210,B495,Personal Loan,4712260,13.6,120,92674.45,Default,2022-07-15,4712260,3714212
L211,C211,B460,Education Loan,2240723,13.2,300,32117.03,Active,2022-09-21,2240723,1932401
L212,C212,B325,Car Loan,4243058,8.4,36,147564.13,Closed,2023-08-05,4243058,3210095
L213,C213,B275,Home Loan,2848541,10.6,180,40987.34,Pending,2025-08-22,2848541,2166375
L214,C214,B039,Education Loan,2282535,9.7,240,27961.05,Closed,2026-01-19,2282535,1434422
L215,C215,B094,Car Loan,4197636,9.9,60,104591.1,Default,2022-06-09,4197636,2257171
L216,C216,B136,Car Loan,1874924,9.3,60,45779.39,Closed,2024-12-01,1874924,1830273
L217,C217,B399,Home Loan,1900929,13.8,180,32421.4,Active,2026-02-20,1900929,327146
L218,C218,B004,Education Loan,858401,12.6,300,11874.55,Active,2023-02-12,858401,643644
L219,C219,B460,Education Loan,4245759,10.3,180,60030.31,Pending,2025-09-01,4245759,4130050
L220,C220,B114,Education Loan,4317173,8.9,120,67995.47,Closed,2022-11-25,4317173,3337655
L221,C221,B482,Education Loan,654227,11.4,240,8941.1,Active,2024-07-21,654227,501554
L222,C222,B500,Home Loan,4415067,10.1,48,129140.71,Default,2022-10-29,4415067,3835238
L223,C223,B108,Personal Loan,2847874,12.7,24,148801.42,Active,2025-05-28,2847874,2827393
L224,C224,B281,Business Loan,2929956,10.2,120,49320.93,Closed,2026-04-08,2929956,784974
L225,C225,B095,Personal Loan,2459960,11.0,180,36216.08,Default,2023-04-02,2459960,1534797
L226,C226,B438,Personal Loan,1966074,10.6,180,28289.62,Pending,2022-12-05,1966074,765624
L227,C227,B352,Car Loan,3980988,8.8,48,112131.16,Active,2023-11-25,3980988,2415469
L228,C228,B101,Car Loan,2464497,13.5,240,37994.33,Closed,2026-05-01,2464497,1597540
L229,C229,B256,Car Loan,4167702,13.5,48,133713.77,Pending,2025-10-05,4167702,1767985
L230,C230,B051,Car Loan,4282066,9.8,24,213389.62,Active,2024-07-21,4282066,3342037
L231,C231,B323,Home Loan,2007470,13.6,300,29442.89,Default,2023-08-08,2007470,1759451
L232,C232,B286,Business Loan,3007302,9.4,180,40264.43,Pending,2025-05-11,3007302,2350278
L233,C233,B494,Education Loan,366390,10.6,180,5271.94,Closed,2022-09-01,366390,356298
L234,C234,B167,Education Loan,4716747,8.8,120,73895.7,Default,2025-11-03,4716747,2978870
L235,C235,B147,Personal Loan,3949121,14.2,240,63185.94,Closed,2024-11-21,3949121,2573892
L236,C236,B324,Education Loan,1605725,12.3,180,25379.38,Default,2023-05-31,1605725,884613
L237,C237,B161,Business Loan,798477,8.1,180,9825.7,Pending,2022-11-03,798477,239303
L238,C238,B455,Personal Loan,2443721,12.0,240,34619.38,Pending,2024-11-10,2443721,1137696
L239,C239,B095,Home Loan,4569925,14.7,240,75022.94,Closed,2026-01-15,4569925,1403566
L240,C240,B086,Personal Loan,2168195,12.5,36,82813.0,Active,2024-07-14,2168195,883200
L241,C241,B028,Home Loan,1001562,8.0,300,10015.62,Default,2023-05-22,1001562,575074
L242,C242,B135,Education Loan,4595486,13.2,36,178202.73,Closed,2025-05-18,4595486,871814
L243,C243,B118,Car Loan,907254,12.4,240,13155.18,Pending,2025-10-04,907254,324398
L244,C244,B430,Car Loan,3917499,12.2,48,121442.47,Active,2025-04-12,3917499,2209317
L245,C245,B244,Personal Loan,494901,12.5,180,7904.67,Pending,2023-09-02,494901,453111
L246,C246,B324,Education Loan,4801531,10.8,48,143245.67,Default,2025-06-13,4801531,3829763
L247,C247,B247,Education Loan,4591099,12.3,120,85317.92,Closed,2025-09-12,4591099,2912258
L248,C248,B134,Car Loan,951233,10.8,180,13845.72,Pending,2025-04-08,951233,432227
L249,C249,B147,Personal Loan,288548,7.5,48,7814.84,Active,2022-08-20,288548,180294
L250,C250,B005,Personal Loan,4326621,14.6,300,67062.63,Pending,2022-11-18,4326621,2513315
L251,C251,B211,Education Loan,2139575,13.5,180,35956.75,Default,2025-02-14,2139575,790924
L252,C252,B194,Car Loan,3511420,9.4,240,42137.04,Pending,2024-11-19,3511420,3474674
L253,C253,B392,Education Loan,864459,10.7,60,22115.74,Pending,2024-08-25,864459,541704
L254,C254,B097,Home Loan,2588042,12.4,120,48310.12,Closed,2025-10-12,2588042,1731844
L255,C255,B232,Business Loan,1346085,9.7,300,15367.8,Default,2024-11-15,1346085,1295472
L256,C256,B497,Education Loan,1775292,9.9,48,51631.41,Active,2024-10-17,1775292,104085
L257,C257,B065,Personal Loan,1759757,14.8,120,36368.31,Active,2022-09-05,1759757,564543
L258,C258,B112,Business Loan,2152956,8.2,24,104418.37,Default,2023-11-18,2152956,2070222
L259,C259,B238,Home Loan,2813694,13.4,300,40798.56,Pending,2025-02-22,2813694,1557752
L260,C260,B137,Personal Loan,872960,13.8,48,28225.71,Active,2023-07-10,872960,58760
L261,C261,B419,Personal Loan,4756624,11.0,60,122879.45,Active,2022-07-09,4756624,2097818
L262,C262,B395,Personal Loan,1223087,14.8,60,35469.52,Closed,2024-12-01,1223087,806979
L263,C263,B341,Car Loan,481104,9.0,36,16972.28,Default,2023-10-08,481104,273226
L264,C264,B082,Home Loan,3464199,12.6,120,65242.41,Active,2024-01-27,3464199,1355025
L265,C265,B185,Home Loan,2324941,11.1,120,40880.21,Closed,2024-03-24,2324941,833507
L266,C266,B008,Car Loan,1147312,9.3,240,13672.13,Pending,2024-08-22,1147312,680554
L267,C267,B497,Home Loan,1203693,10.5,60,30593.86,Default,2026-01-12,1203693,18727
L268,C268,B081,Personal Loan,1500166,10.3,36,54547.7,Active,2022-09-10,1500166,521608
L269,C269,B183,Car Loan,3038890,14.5,24,163340.34,Active,2022-06-26,3038890,250715
L270,C270,B404,Business Loan,1255517,11.2,180,18693.25,Default,2025-12-01,1255517,1170945
L271,C271,B371,Car Loan,1818710,7.7,240,19248.01,Pending,2023-03-05,1818710,751131
L272,C272,B278,Personal Loan,531253,11.1,300,6684.93,Closed,2024-07-22,531253,309030
L273,C273,B375,Personal Loan,4953838,8.9,180,64262.29,Pending,2024-12-26,4953838,2715231
L274,C274,B152,Business Loan,4851653,8.7,48,136250.59,Pending,2022-08-12,4851653,3769707
L275,C275,B095,Home Loan,4009090,7.5,240,41761.35,Pending,2023-11-11,4009090,3077183
L276,C276,B098,Education Loan,2203086,9.9,36,79372.29,Default,2023-12-09,2203086,1625254
L277,C277,B210,Business Loan,4826047,8.7,120,75205.9,Active,2024-08-07,4826047,2706165
L278,C278,B428,Car Loan,1007456,11.4,36,37555.72,Closed,2022-12-13,1007456,45903
L279,C279,B051,Home Loan,462343,9.0,300,5008.72,Default,2025-12-23,462343,100462
L280,C280,B188,Car Loan,4309659,11.4,120,76855.59,Active,2023-07-29,4309659,411760
L281,C281,B476,Home Loan,309774,14.5,60,8906.0,Default,2022-08-20,309774,257638
L282,C282,B407,Home Loan,709190,10.2,240,8983.07,Pending,2023-03-21,709190,386996
L283,C283,B040,Car Loan,4637748,7.8,36,158971.7,Active,2022-08-27,4637748,2549336
L284,C284,B099,Education Loan,1049137,12.9,240,15649.63,Closed,2024-02-08,1049137,397327
L285,C285,B384,Education Loan,4981738,12.2,48,154433.88,Default,2023-12-11,4981738,4684395
L286,C286,B360,Personal Loan,1085117,13.2,180,17964.71,Active,2025-02-15,1085117,962006
L287,C287,B173,Car Loan,1599297,13.4,240,24522.55,Default,2024-10-04,1599297,1058417
L288,C288,B212,Personal Loan,3155508,14.3,180,55133.74,Pending,2023-08-03,3155508,1559104
L289,C289,B393,Education Loan,2219327,11.7,60,58627.22,Pending,2024-11-19,2219327,1573128
L290,C290,B001,Home Loan,3219970,14.7,300,50177.87,Pending,2023-08-22,3219970,1665518
L291,C291,B154,Car Loan,336754,11.4,120,6005.45,Closed,2022-11-15,336754,3443
L292,C292,B262,Education Loan,2841611,7.7,120,41913.76,Closed,2024-10-10,2841611,2322231
L293,C293,B071,Business Loan,990937,7.8,180,11946.3,Pending,2026-03-27,990937,163690
L294,C294,B293,Personal Loan,2295951,9.2,120,36735.22,Closed,2026-01-17,2295951,385478
L295,C295,B250,Education Loan,847613,12.9,300,11937.22,Active,2023-01-21,847613,181301
L296,C296,B400,Home Loan,2719881,7.8,240,29012.06,Pending,2023-05-09,2719881,329158
L297,C297,B477,Home Loan,3118650,14.1,240,49638.51,Closed,2024-07-09,3118650,1747018
L298,C298,B157,Education Loan,295918,12.3,240,4266.15,Active,2024-10-29,295918,28378
L299,C299,B258,Car Loan,2878621,11.5,48,87558.06,Closed,2025-01-01,2878621,1370831
L300,C300,B386,Education Loan,623790,12.6,240,9148.92,Active,2023-10-21,623790,467262
L301,C301,B068,Business Loan,2062989,10.7,240,26990.77,Active,2025-06-17,2062989,310404
L302,C302,B205,Business Loan,4191758,11.8,24,215875.54,Active,2023-12-03,4191758,2299117
L303,C303,B070,Personal Loan,3543087,11.3,48,107178.38,Closed,2025-01-15,3543087,3196197
L304,C304,B125,Home Loan,4292475,10.5,60,109100.41,Pending,2023-08-30,4292475,2065659
L305,C305,B344,Personal Loan,3807652,9.9,36,137181.24,Default,2025-03-04,3807652,471984
L306,C306,B305,Home Loan,3264087,10.1,180,45606.55,Pending,2026-02-04,3264087,1445042
L307,C307,B075,Personal Loan,1619816,14.9,300,25512.1,Active,2024-01-09,1619816,1306907
L308,C308,B388,Home Loan,2158652,9.0,180,28182.4,Active,2023-09-08,2158652,654274
L309,C309,B008,Business Loan,657498,9.3,48,18793.48,Active,2025-02-23,657498,301659
L310,C310,B108,Education Loan,2759515,10.9,24,140045.39,Closed,2023-11-18,2759515,1391991
L311,C311,B248,Education Loan,1909609,11.6,120,34372.96,Closed,2024-11-09,1909609,1150917
L312,C312,B088,Home Loan,354254,10.3,24,17801.26,Pending,2023-02-19,354254,133932
L313,C313,B239,Home Loan,1883560,13.4,120,36729.42,Active,2023-01-17,1883560,111327
L314,C314,B010,Business Loan,3460191,12.5,180,55266.94,Default,2023-12-18,3460191,452529
L315,C315,B249,Education Loan,2139182,14.8,36,85804.97,Active,2022-06-11,2139182,1323118
L316,C316,B475,Home Loan,1763782,9.0,300,19107.64,Active,2025-06-15,1763782,1175846
L317,C317,B251,Personal Loan,2275275,14.4,120,46263.93,Closed,2025-04-21,2275275,1399092
L318,C318,B321,Business Loan,354117,10.1,180,4947.8,Closed,2023-01-29,354117,186320
L319,C319,B450,Personal Loan,4404802,9.6,24,218771.83,Active,2022-12-26,4404802,2161571
L320,C320,B175,Personal Loan,4855168,14.6,60,139990.68,Closed,2024-01-11,4855168,1272620
L321,C321,B124,Education Loan,936477,13.0,60,25753.12,Closed,2022-07-01,936477,437605
L322,C322,B278,Car Loan,3777447,14.8,180,67574.33,Closed,2023-12-19,3777447,1883952
L323,C323,B159,Education Loan,1362464,11.9,60,36218.83,Closed,2026-03-31,1362464,289636
L324,C324,B478,Education Loan,3807640,15.0,48,126921.33,Closed,2026-03-05,3807640,2752435
L325,C325,B163,Car Loan,2863351,8.0,36,98626.53,Active,2022-08-19,2863351,772319
L326,C326,B156,Personal Loan,2873344,14.1,240,45734.06,Pending,2022-11-02,2873344,1724914
L327,C327,B095,Home Loan,1474708,13.3,36,57308.79,Pending,2025-06-06,1474708,275871
L328,C328,B352,Home Loan,4956702,12.1,60,132591.78,Pending,2024-06-12,4956702,1937033
L329,C329,B258,Education Loan,866688,12.7,300,12061.41,Default,2023-11-12,866688,140600
L330,C330,B243,Car Loan,3336998,8.9,240,38653.56,Closed,2025-03-31,3336998,2061272
L331,C331,B497,Home Loan,1821180,9.2,240,21550.63,Pending,2023-10-25,1821180,1603354
L332,C332,B105,Home Loan,3664864,9.2,60,89178.36,Closed,2026-03-26,3664864,3178345
L333,C333,B167,Personal Loan,3884991,14.0,300,58274.86,Closed,2024-07-31,3884991,2885105
L334,C334,B377,Personal Loan,3786597,10.5,24,190907.6,Pending,2024-04-29,3786597,2549843
L335,C335,B056,Personal Loan,3506375,12.1,24,181454.91,Default,2022-07-25,3506375,2183760
L336,C336,B276,Personal Loan,555810,14.1,60,15794.27,Active,2024-06-03,555810,543899
L337,C337,B150,Personal Loan,4878334,10.4,24,245542.81,Default,2023-12-28,4878334,1592580
L338,C338,B086,Personal Loan,2754785,13.3,120,53488.74,Pending,2025-01-17,2754785,1935030
L339,C339,B425,Personal Loan,657570,12.7,48,20658.66,Active,2024-05-09,657570,486097
L340,C340,B212,Business Loan,4399821,8.3,48,122095.03,Default,2023-10-24,4399821,3297282
L341,C341,B047,Business Loan,408977,8.8,60,9815.45,Pending,2023-06-28,408977,238384
L342,C342,B059,Personal Loan,1575681,12.9,36,60707.49,Pending,2025-11-03,1575681,191241
L343,C343,B406,Education Loan,915603,11.4,240,12513.24,Closed,2024-04-26,915603,762182
L344,C344,B088,Business Loan,3376586,11.6,24,173331.41,Closed,2025-02-07,3376586,3222317
L345,C345,B027,Personal Loan,1559995,14.0,48,50699.84,Pending,2023-06-18,1559995,1493271
L346,C346,B321,Car Loan,2796427,13.0,300,39616.05,Active,2025-05-03,2796427,1211233
L347,C347,B007,Personal Loan,1303697,14.7,24,70291.0,Default,2025-02-16,1303697,530812
L348,C348,B122,Car Loan,4382914,11.6,24,224989.59,Default,2024-10-08,4382914,4139499
L349,C349,B308,Home Loan,4006234,10.6,36,146672.68,Closed,2023-05-21,4006234,2521685
L350,C350,B095,Car Loan,4791434,9.6,60,118188.71,Active,2025-07-31,4791434,410360
L351,C351,B296,Education Loan,3127790,7.8,24,150655.22,Pending,2026-01-06,3127790,2797586
L352,C352,B214,Car Loan,2977561,14.4,24,159795.77,Closed,2025-12-21,2977561,456707
L353,C353,B384,Education Loan,2585556,12.1,48,79936.77,Pending,2025-06-18,2585556,1909825
L354,C354,B189,Personal Loan,500648,8.2,120,7593.16,Active,2022-06-16,500648,169251
L355,C355,B242,Car Loan,3784652,13.8,36,148652.72,Active,2024-05-11,3784652,1228229
L356,C356,B108,Car Loan,2501989,10.0,240,31274.86,Active,2023-02-18,2501989,2200525
L357,C357,B371,Education Loan,1116893,11.8,36,42007.59,Pending,2025-12-11,1116893,1014314
L358,C358,B270,Education Loan,3782385,12.1,180,59152.3,Pending,2026-04-05,3782385,1089093
L359,C359,B374,Personal Loan,1288112,12.1,300,17282.17,Default,2024-09-11,1288112,1089902
L360,C360,B149,Car Loan,1709171,14.1,60,48568.94,Active,2025-09-08,1709171,1486014
L361,C361,B410,Education Loan,1191593,7.7,36,40745.86,Default,2025-11-06,1191593,434804
L362,C362,B413,Car Loan,3673228,7.8,180,44282.8,Active,2025-05-07,3673228,2350552
L363,C363,B035,Business Loan,1887680,12.7,120,35708.61,Pending,2024-01-03,1887680,1657160
L364,C364,B352,Business Loan,4450420,11.6,24,228454.89,Pending,2026-04-11,4450420,954931
L365,C365,B090,Car Loan,3522302,12.9,24,184627.33,Pending,2025-08-02,3522302,3489840
L366,C366,B409,Home Loan,3034819,14.4,300,46533.89,Closed,2026-03-24,3034819,1990199
L367,C367,B237,Personal Loan,4239077,8.7,300,44863.56,Active,2023-04-27,4239077,2811103
L368,C368,B010,Car Loan,4571079,9.7,180,62344.44,Pending,2024-11-14,4571079,4495333
L369,C369,B431,Home Loan,3166174,8.0,48,87069.79,Pending,2025-11-11,3166174,1176334
L370,C370,B311,Personal Loan,3347747,12.2,48,103780.16,Closed,2023-11-30,3347747,2394870
L371,C371,B364,Home Loan,1180163,14.0,120,23603.26,Pending,2025-02-07,1180163,659553
L372,C372,B232,Business Loan,3671789,8.2,60,86287.04,Closed,2023-11-24,3671789,1558534
L373,C373,B402,Home Loan,4604861,9.8,36,165519.17,Closed,2026-02-04,4604861,3139148
L374,C374,B248,Education Loan,976819,10.8,24,49492.16,Closed,2023-04-20,976819,837838
L375,C375,B448,Education Loan,1795611,10.1,300,21098.43,Pending,2023-02-13,1795611,1536040
L376,C376,B347,Car Loan,2945909,8.6,36,102943.15,Closed,2023-01-11,2945909,2164875
L377,C377,B160,Home Loan,506624,10.9,36,18674.72,Active,2024-04-29,506624,2154
L378,C378,B267,Business Loan,2995837,11.0,24,152288.38,Active,2023-01-29,2995837,432444
L379,C379,B103,Car Loan,2818444,12.3,60,75863.12,Pending,2025-07-06,2818444,1345869
L380,C380,B140,Car Loan,2520704,11.5,300,32559.09,Closed,2025-11-23,2520704,493463
L381,C381,B278,Business Loan,2495432,8.4,36,86785.58,Pending,2026-02-12,2495432,866448
L382,C382,B126,Car Loan,2473749,8.6,120,38343.11,Active,2023-08-30,2473749,2407878
L383,C383,B228,Home Loan,2812024,12.1,180,43976.93,Closed,2024-06-07,2812024,2267344
L384,C384,B197,Home Loan,443208,11.0,24,22529.74,Active,2024-08-01,443208,55536
L385,C385,B183,Business Loan,3777453,10.4,300,45329.44,Pending,2023-08-22,3777453,2585013
L386,C386,B392,Personal Loan,1862178,12.8,36,71590.4,Closed,2025-10-08,1862178,1584907
L387,C387,B234,Business Loan,979437,13.6,300,14365.08,Default,2023-04-17,979437,101987
L388,C388,B441,Education Loan,4147224,9.2,60,100915.78,Pending,2024-12-19,4147224,602812
L389,C389,B233,Personal Loan,3248834,10.4,180,46205.64,Active,2023-02-12,3248834,1362146
L390,C390,B237,Car Loan,748323,11.1,180,11079.34,Pending,2022-07-25,748323,501903
L391,C391,B053,Personal Loan,3124398,12.0,48,96335.6,Active,2024-08-20,3124398,2130495
L392,C392,B273,Personal Loan,2933593,11.7,36,110091.23,Default,2024-02-11,2933593,1267175
L393,C393,B082,Personal Loan,3668202,9.3,60,89565.27,Default,2025-05-10,3668202,2298264
L394,C394,B291,Business Loan,754150,10.1,240,9489.72,Closed,2023-11-09,754150,456501
L395,C395,B477,Education Loan,1651946,12.5,36,63095.16,Default,2022-11-13,1651946,1550565
L396,C396,B285,Home Loan,1159009,11.9,300,15356.87,Default,2023-01-31,1159009,682367
L397,C397,B307,Home Loan,1677854,9.8,240,20693.53,Default,2024-12-05,1677854,145977
L398,C398,B112,Car Loan,2946499,11.2,24,150271.45,Active,2023-12-12,2946499,379722
L399,C399,B150,Personal Loan,1430821,12.5,300,19673.79,Default,2025-08-26,1430821,1114124
L400,C400,B292,Business Loan,1841370,9.0,180,24040.11,Default,2026-03-29,1841370,628590
L401,C401,B262,Personal Loan,3087900,14.9,24,167003.92,Closed,2023-08-17,3087900,2564778
L402,C402,B361,Education Loan,2667799,8.0,24,128943.62,Pending,2023-09-07,2667799,3537
L403,C403,B222,Education Loan,1120216,14.0,24,59744.85,Default,2023-12-16,1120216,493336
L404,C404,B223,Education Loan,2868645,12.8,240,42551.57,Closed,2025-11-27,2868645,1600399
L405,C405,B197,Business Loan,1654669,11.1,60,42883.5,Default,2022-08-10,1654669,1164803
L406,C406,B006,Home Loan,1494087,9.7,48,43204.02,Active,2024-02-15,1494087,281600
L407,C407,B224,Car Loan,1407925,12.9,300,19828.28,Active,2022-06-15,1407925,1379772
L408,C408,B458,Education Loan,1351087,12.3,240,19478.17,Default,2024-07-26,1351087,956361
L409,C409,B420,Personal Loan,1708249,10.9,240,22634.3,Default,2026-01-11,1708249,1157732
L410,C410,B004,Education Loan,3180533,9.2,240,37636.31,Default,2025-10-25,3180533,2535764
L411,C411,B475,Education Loan,2186002,12.8,120,41534.04,Pending,2022-06-10,2186002,1723178
L412,C412,B189,Home Loan,480698,14.8,300,7530.94,Default,2023-11-10,480698,369561
L413,C413,B265,Home Loan,871618,8.6,120,13510.08,Active,2024-03-14,871618,487521
L414,C414,B314,Home Loan,2257149,11.0,36,83389.12,Pending,2026-01-21,2257149,1310718
L415,C415,B263,Personal Loan,4688184,13.3,300,67587.99,Pending,2023-08-26,4688184,3808719
L416,C416,B086,Home Loan,3731739,10.1,120,62506.63,Pending,2026-05-05,3731739,1213028
L417,C417,B087,Education Loan,4928710,9.5,300,55447.99,Active,2023-12-22,4928710,4849798
L418,C418,B249,Home Loan,2647403,13.6,24,140312.36,Closed,2024-04-29,2647403,1202992
L419,C419,B068,Education Loan,4441247,8.1,120,66988.81,Pending,2023-09-16,4441247,2114356
L420,C420,B310,Car Loan,2508688,13.9,24,133587.64,Closed,2025-09-22,2508688,467872
L421,C421,B401,Car Loan,3946798,10.3,48,116101.64,Default,2022-08-13,3946798,1095772
L422,C422,B044,Car Loan,1716737,13.5,24,90844.0,Closed,2025-02-18,1716737,719004
L423,C423,B122,Personal Loan,4360315,13.1,240,65768.08,Closed,2024-11-10,4360315,3214237
L424,C424,B329,Business Loan,1968794,11.8,180,30297.55,Active,2023-01-18,1968794,113929
L425,C425,B155,Personal Loan,640596,8.8,240,7366.85,Closed,2024-09-30,640596,499365
L426,C426,B135,Car Loan,3385999,12.6,240,49661.32,Default,2024-07-24,3385999,1990572
L427,C427,B348,Business Loan,299514,9.7,300,3419.45,Active,2025-09-24,299514,200280
L428,C428,B433,Personal Loan,1016751,14.4,180,17849.63,Pending,2024-09-26,1016751,1002631
L429,C429,B336,Education Loan,3009910,9.5,36,107437.07,Default,2024-10-13,3009910,1070990
L430,C430,B345,Education Loan,4068059,13.3,60,112888.64,Closed,2025-02-16,4068059,3079933
L431,C431,B281,Home Loan,4561676,10.0,48,133048.88,Active,2022-12-09,4561676,2627897
L432,C432,B054,Personal Loan,770022,7.6,36,26266.31,Pending,2023-02-27,770022,550779
L433,C433,B018,Home Loan,2040597,12.9,120,38941.39,Active,2024-10-19,2040597,404917
L434,C434,B327,Home Loan,677160,14.5,60,19468.35,Active,2024-08-05,677160,628500
L435,C435,B337,Education Loan,924661,13.9,48,29974.43,Closed,2025-05-31,924661,394220
L436,C436,B240,Home Loan,1129835,12.7,120,21372.71,Default,2025-12-12,1129835,617755
L437,C437,B083,Home Loan,2518473,13.3,180,41904.59,Pending,2026-04-05,2518473,1079347
L438,C438,B133,Business Loan,723343,10.4,180,10287.54,Closed,2025-04-19,723343,62976
L439,C439,B202,Car Loan,3895809,8.0,60,90902.21,Default,2025-02-10,3895809,2559791
L440,C440,B315,Home Loan,1109580,8.6,240,12575.24,Default,2025-04-04,1109580,457989
L441,C441,B293,Business Loan,2372618,8.3,36,82316.66,Default,2024-07-06,2372618,295330
L442,C442,B328,Home Loan,357410,14.2,48,11675.39,Active,2024-04-27,357410,342289
L443,C443,B295,Home Loan,3475615,9.5,180,46824.26,Default,2024-11-02,3475615,1641358
L444,C444,B002,Personal Loan,4210924,10.8,36,154868.43,Default,2025-10-01,4210924,1894540
L445,C445,B350,Business Loan,1216729,11.8,180,18724.11,Default,2024-12-10,1216729,699273
L446,C446,B274,Business Loan,663006,12.2,36,25157.39,Active,2025-03-11,663006,383102
L447,C447,B104,Car Loan,4055734,13.2,120,78410.86,Active,2023-10-16,4055734,2717038
L448,C448,B200,Home Loan,3422598,12.5,120,64173.71,Pending,2026-02-23,3422598,2918741
L449,C449,B072,Home Loan,4281087,8.1,300,43167.63,Closed,2022-07-08,4281087,1589343
L450,C450,B200,Home Loan,412773,12.9,60,11316.86,Pending,2024-01-29,412773,256498
L451,C451,B019,Business Loan,4391654,11.5,300,56725.53,Active,2025-03-06,4391654,137726
L452,C452,B061,Car Loan,3032988,13.4,24,160242.87,Default,2026-05-13,3032988,1700823
L453,C453,B019,Car Loan,4701003,8.6,60,112040.57,Default,2023-04-09,4701003,604260
L454,C454,B360,Car Loan,359912,11.0,24,18295.53,Active,2025-02-28,359912,127235
L455,C455,B234,Education Loan,1644929,12.2,120,30431.19,Closed,2024-01-31,1644929,204036
L456,C456,B255,Education Loan,736515,13.6,36,28805.92,Closed,2023-02-23,736515,119726
L457,C457,B416,Personal Loan,729405,13.5,240,11244.99,Pending,2022-06-05,729405,353729
L458,C458,B429,Car Loan,1213364,14.8,48,40243.24,Active,2025-08-26,1213364,674422
L459,C459,B073,Personal Loan,1654984,10.0,36,59763.31,Closed,2024-12-03,1654984,574396
L460,C460,B474,Education Loan,3303175,11.7,300,43216.54,Active,2024-10-03,3303175,1021919
L461,C461,B009,Personal Loan,1318796,8.2,240,14506.76,Active,2023-12-31,1318796,330833
L462,C462,B334,Education Loan,253264,7.6,36,8639.12,Pending,2023-08-04,253264,185267
L463,C463,B065,Car Loan,3691525,12.7,300,51373.72,Closed,2025-11-12,3691525,2903961
L464,C464,B481,Car Loan,2472891,11.4,240,33796.18,Active,2024-09-15,2472891,1003502
L465,C465,B424,Business Loan,1709953,12.9,36,65880.69,Pending,2022-09-11,1709953,1315316
L466,C466,B061,Education Loan,3713030,7.5,60,85090.27,Active,2023-06-16,3713030,804898
L467,C467,B395,Car Loan,3235848,14.0,60,91682.36,Pending,2025-01-13,3235848,1947063
L468,C468,B255,Car Loan,645175,9.0,48,18279.96,Closed,2024-03-19,645175,497457
L469,C469,B108,Personal Loan,561679,7.9,180,6818.16,Pending,2023-03-08,561679,298911
L470,C470,B054,Home Loan,3004266,12.1,300,40307.24,Closed,2025-07-18,3004266,181686
L471,C471,B060,Home Loan,1525782,13.4,300,22123.84,Closed,2025-08-09,1525782,1079831
L472,C472,B102,Business Loan,3931428,11.9,180,60827.93,Closed,2026-02-12,3931428,1757691
L473,C473,B378,Personal Loan,1123861,9.9,36,40490.21,Closed,2024-04-26,1123861,497273
L474,C474,B300,Personal Loan,3350193,14.2,36,132704.87,Active,2022-07-07,3350193,1975476
L475,C475,B199,Business Loan,3856301,8.6,300,40491.16,Closed,2023-09-22,3856301,746840
L476,C476,B104,Business Loan,4039803,12.9,180,65871.23,Closed,2025-11-23,4039803,1131180
L477,C477,B070,Home Loan,469228,12.7,24,24517.16,Default,2025-01-05,469228,147117
L478,C478,B454,Business Loan,4046838,10.6,180,58229.5,Closed,2025-07-02,4046838,922132
L479,C479,B211,Education Loan,1625522,11.8,60,43076.33,Default,2023-05-29,1625522,181349
L480,C480,B008,Personal Loan,2015652,11.9,300,26707.39,Closed,2026-03-04,2015652,585463
L481,C481,B468,Education Loan,2278960,10.0,60,56974.0,Active,2026-02-12,2278960,624824
L482,C482,B376,Education Loan,3704524,14.9,24,200353.01,Active,2024-07-08,3704524,1974060
L483,C483,B409,Home Loan,3771010,11.5,300,48708.88,Default,2022-12-07,3771010,3396197
L484,C484,B487,Car Loan,4354752,9.3,24,215197.33,Closed,2023-03-03,4354752,3410959
L485,C485,B246,Business Loan,3206524,9.7,36,114989.51,Closed,2026-03-26,3206524,66815
L486,C486,B238,Car Loan,4052743,13.9,24,215808.56,Default,2026-05-08,4052743,1907740
L487,C487,B238,Home Loan,1751437,13.4,180,29287.92,Active,2025-04-04,1751437,1314517
L488,C488,B017,Business Loan,3428601,14.2,180,59619.56,Default,2023-01-03,3428601,2226841
L489,C489,B318,Business Loan,2463157,12.7,60,67121.03,Active,2022-08-19,2463157,339566
L490,C490,B057,Personal Loan,4517922,14.6,180,80067.62,Pending,2022-06-17,4517922,432538
L491,C491,B090,Education Loan,4103662,12.1,180,64176.71,Active,2024-07-05,4103662,1536931
L492,C492,B172,Car Loan,4903980,12.8,60,134042.12,Active,2023-05-19,4903980,1161032
L493,C493,B165,Business Loan,4213894,13.0,60,115882.08,Pending,2022-11-22,4213894,1891104
L494,C494,B033,Business Loan,4424217,12.6,120,83322.75,Pending,2024-11-04,4424217,456843
L495,C495,B364,Education Loan,3995095,11.1,36,147929.49,Pending,2026-03-05,3995095,1972010
L496,C496,B457,Personal Loan,3991469,12.2,36,151454.07,Active,2025-06-30,3991469,790012
L497,C497,B491,Home Loan,872518,10.4,48,25739.28,Active,2026-03-23,872518,302380
L498,C498,B078,Car Loan,1582159,9.6,48,45618.92,Active,2026-03-23,1582159,1040876
L499,C499,B178,Personal Loan,2659283,10.6,48,78892.06,Default,2023-10-14,2659283,1987701
L500,C500,B447,Car Loan,380206,9.7,36,13634.61,Pending,2022-11-19,380206,11553
