payment_id,loan_id,payment_date,payment_amount,payment_mode,late_fee,payment_status
P001,L001,2025-09-25,31980,Cash,0,Pending
P002,L002,2025-03-04,43886,Bank Transfer,500,Pending
P003,L003,2026-03-31,42175,Card,0,Paid
P004,L004,2024-06-30,22039,Card,500,Pending
P005,L005,2024-06-18,23883,UPI,0,Pending
P006,L006,2024-12-06,23637,Bank Transfer,0,Paid
P007,L007,2025-09-15,40082,Cash,0,Paid
P008,L008,2025-02-13,48670,Card,0,Paid
P009,L009,2025-07-25,12662,UPI,0,Paid
P010,L010,2024-09-30,33894,Cash,0,Paid
P011,L011,2025-12-24,18445,UPI,0,Pending
P012,L012,2024-08-20,14695,Cash,500,Paid
P013,L013,2026-01-24,39972,Cash,0,Paid
P014,L014,2024-07-13,31513,Bank Transfer,0,Pending
P015,L015,2025-05-03,25985,Card,0,Pending
P016,L016,2026-03-04,47417,Cash,500,Pending
P017,L017,2024-10-08,42599,Card,1000,Pending
P018,L018,2025-06-15,27196,UPI,500,Paid
P019,L019,2026-01-16,14137,UPI,0,Paid
P020,L020,2026-04-28,31321,Card,500,Pending
P021,L021,2025-09-14,11060,Cash,0,Paid
P022,L022,2025-03-08,43235,Card,0,Paid
P023,L023,2026-04-24,6477,UPI,1000,Pending
P024,L024,2026-04-13,49372,UPI,1000,Pending
P025,L025,2026-02-10,17743,Bank Transfer,0,Paid
P026,L026,2024-08-27,48697,Cash,500,Paid
P027,L027,2025-11-20,33025,Cash,500,Pending
P028,L028,2026-04-01,5798,Cash,0,Pending
P029,L029,2026-02-19,25190,Bank Transfer,1000,Paid
P030,L030,2025-05-08,19135,Bank Transfer,500,Pending
P031,L031,2024-07-07,23915,Card,500,Pending
P032,L032,2026-03-17,14146,UPI,0,Paid
P033,L033,2026-04-11,24872,Bank Transfer,1000,Pending
P034,L034,2025-08-07,9332,Bank Transfer,0,Paid
P035,L035,2025-04-22,31834,Cash,500,Paid
P036,L036,2025-10-20,41425,Bank Transfer,1000,Paid
P037,L037,2024-12-05,18058,Card,500,Pending
P038,L038,2024-09-25,41298,Bank Transfer,0,Pending
P039,L039,2024-07-05,43352,Cash,500,Pending
P040,L040,2025-06-18,19714,UPI,0,Paid
P041,L041,2026-03-02,22214,Cash,500,Paid
P042,L042,2024-12-09,47848,Cash,500,Paid
P043,L043,2025-08-22,37236,Card,0,Paid
P044,L044,2026-02-12,23167,Bank Transfer,0,Pending
P045,L045,2026-01-20,43080,Bank Transfer,1000,Pending
P046,L046,2024-09-18,21902,Bank Transfer,0,Pending
P047,L047,2025-07-12,38588,UPI,0,Paid
P048,L048,2026-05-12,43119,UPI,0,Pending
P049,L049,2025-08-16,35214,Card,0,Paid
P050,L050,2026-02-20,8466,Cash,0,Pending
P051,L051,2025-03-31,46697,Cash,0,Pending
P052,L052,2024-05-17,24114,UPI,1000,Paid
P053,L053,2026-02-18,46158,Card,0,Paid
P054,L054,2025-03-03,40632,Cash,0,Pending
P055,L055,2024-09-27,22790,Cash,0,Pending
P056,L056,2025-09-18,14418,UPI,0,Pending
P057,L057,2025-10-25,29445,Bank Transfer,500,Pending
P058,L058,2025-12-02,15684,UPI,0,Paid
P059,L059,2024-12-24,37989,Card,0,Paid
P060,L060,2025-09-07,32351,Bank Transfer,0,Paid
P061,L061,2024-12-16,13600,UPI,500,Pending
P062,L062,2025-03-20,25419,Cash,0,Pending
P063,L063,2024-08-13,44167,Cash,0,Pending
P064,L064,2024-09-02,6884,UPI,0,Paid
P065,L065,2025-02-05,14329,Card,0,Paid
P066,L066,2026-03-21,18752,Card,0,Pending
P067,L067,2026-02-18,12321,UPI,0,Pending
P068,L068,2024-11-30,33262,UPI,0,Paid
P069,L069,2024-10-26,7149,UPI,500,Paid
P070,L070,2025-08-06,21581,UPI,0,Pending
P071,L071,2026-05-10,48750,UPI,0,Paid
P072,L072,2024-06-04,44439,Card,1000,Paid
P073,L073,2024-07-15,17109,Cash,0,Paid
P074,L074,2025-09-15,14539,Cash,1000,Pending
P075,L075,2024-08-23,28081,Card,1000,Paid
P076,L076,2025-07-15,38089,UPI,0,Paid
P077,L077,2024-09-22,39657,Card,0,Pending
P078,L078,2026-02-16,16257,UPI,0,Paid
P079,L079,2026-05-13,38042,Bank Transfer,0,Paid
P080,L080,2024-11-06,33813,UPI,0,Pending
P081,L081,2024-07-08,29878,Bank Transfer,0,Paid
P082,L082,2025-12-13,31711,UPI,0,Paid
P083,L083,2026-04-29,35533,UPI,1000,Paid
P084,L084,2024-06-27,37493,Cash,0,Paid
P085,L085,2026-05-08,10390,Cash,500,Paid
P086,L086,2024-07-05,30217,Cash,500,Pending
P087,L087,2026-04-27,34095,Card,1000,Pending
P088,L088,2025-02-03,24044,Bank Transfer,0,Paid
P089,L089,2025-08-27,36173,Cash,0,Paid
P090,L090,2025-03-30,49181,Bank Transfer,0,Pending
P091,L091,2025-10-10,33708,UPI,0,Paid
P092,L092,2024-11-05,30874,Bank Transfer,1000,Paid
P093,L093,2024-12-09,16057,UPI,0,Paid
P094,L094,2024-12-21,27192,Card,1000,Pending
P095,L095,2026-03-08,13045,Card,500,Pending
P096,L096,2024-05-20,23252,Cash,500,Pending
P097,L097,2025-02-08,36183,Bank Transfer,500,Pending
P098,L098,2025-05-07,14658,Bank Transfer,0,Paid
P099,L099,2025-01-16,21429,Bank Transfer,500,Paid
P100,L100,2024-06-09,46180,Card,0,Paid
P101,L101,2024-07-28,8463,UPI,500,Paid
P102,L102,2024-07-03,16737,Bank Transfer,1000,Pending
P103,L103,2025-07-04,15009,Cash,1000,Paid
P104,L104,2024-12-28,10014,Bank Transfer,500,Paid
P105,L105,2025-07-28,24238,Bank Transfer,500,Pending
P106,L106,2026-02-16,40549,Cash,1000,Paid
P107,L107,2025-09-01,7070,Bank Transfer,0,Pending
P108,L108,2025-12-22,34498,Cash,500,Pending
P109,L109,2026-02-02,35124,UPI,0,Paid
P110,L110,2025-08-03,41481,Cash,0,Pending
P111,L111,2025-06-13,33225,Card,0,Pending
P112,L112,2025-03-09,36945,UPI,1000,Pending
P113,L113,2025-04-17,48258,Bank Transfer,500,Paid
P114,L114,2024-05-18,38206,UPI,500,Pending
P115,L115,2024-12-17,37420,Bank Transfer,1000,Pending
P116,L116,2025-11-06,23640,Cash,0,Paid
P117,L117,2025-02-17,43696,UPI,0,Pending
P118,L118,2026-02-17,27863,UPI,0,Pending
P119,L119,2025-10-21,11379,Bank Transfer,0,Pending
P120,L120,2024-12-25,31996,Cash,0,Paid
P121,L121,2025-01-23,21227,Card,0,Paid
P122,L122,2024-12-05,9292,Cash,0,Pending
P123,L123,2025-12-09,16126,UPI,1000,Pending
P124,L124,2025-11-14,7449,Bank Transfer,500,Pending
P125,L125,2024-10-28,22473,UPI,500,Paid
P126,L126,2025-04-21,25743,Bank Transfer,1000,Pending
P127,L127,2025-09-16,26130,UPI,500,Paid
P128,L128,2025-03-24,49244,Card,0,Pending
P129,L129,2026-03-17,37949,Cash,0,Pending
P130,L130,2024-07-27,28811,Bank Transfer,0,Pending
P131,L131,2025-03-21,46644,UPI,1000,Paid
P132,L132,2024-11-30,23832,Cash,0,Pending
P133,L133,2025-01-11,42586,Bank Transfer,0,Paid
P134,L134,2024-08-01,42892,UPI,1000,Pending
P135,L135,2025-03-14,22915,UPI,1000,Pending
P136,L136,2025-07-03,32990,Card,0,Paid
P137,L137,2025-02-16,47699,Cash,1000,Pending
P138,L138,2025-03-17,33371,Cash,0,Pending
P139,L139,2024-11-23,31365,Cash,1000,Pending
P140,L140,2024-06-21,49011,Card,0,Paid
P141,L141,2025-07-12,42804,Bank Transfer,0,Pending
P142,L142,2024-12-10,22559,Bank Transfer,1000,Paid
P143,L143,2025-10-16,39227,Card,0,Pending
P144,L144,2024-09-23,14682,Card,0,Pending
P145,L145,2026-04-06,33533,Bank Transfer,0,Paid
P146,L146,2025-08-10,46545,Card,500,Pending
P147,L147,2024-11-01,23811,Card,0,Paid
P148,L148,2025-08-16,31598,Card,0,Paid
P149,L149,2025-09-05,17577,UPI,0,Pending
P150,L150,2024-11-03,35419,Bank Transfer,1000,Pending
P151,L151,2025-01-22,32657,UPI,0,Paid
P152,L152,2025-06-15,22872,Card,0,Pending
P153,L153,2025-10-31,23204,Card,0,Pending
P154,L154,2024-05-25,6304,UPI,0,Pending
P155,L155,2025-07-19,44426,Cash,0,Pending
P156,L156,2025-12-05,28818,UPI,500,Paid
P157,L157,2025-03-29,20469,UPI,1000,Paid
P158,L158,2024-08-05,39207,Cash,500,Paid
P159,L159,2024-06-30,20602,UPI,0,Pending
P160,L160,2025-12-28,43294,Bank Transfer,0,Pending
P161,L161,2025-03-17,19287,Card,0,Paid
P162,L162,2024-08-01,19031,Cash,500,Pending
P163,L163,2024-09-09,21666,UPI,500,Pending
P164,L164,2025-07-04,12403,Cash,1000,Pending
P165,L165,2024-12-01,36120,Card,0,Paid
P166,L166,2026-01-02,28789,Bank Transfer,0,Pending
P167,L167,2024-09-11,6381,UPI,0,Paid
P168,L168,2024-12-07,21579,Bank Transfer,0,Pending
P169,L169,2025-08-06,49908,UPI,1000,Paid
P170,L170,2024-10-26,33993,Bank Transfer,0,Pending
P171,L171,2025-01-21,21746,Cash,0,Paid
P172,L172,2026-04-12,24491,Card,0,Pending
P173,L173,2025-01-02,46376,Cash,500,Paid
P174,L174,2025-12-25,22959,UPI,500,Pending
P175,L175,2024-10-30,32063,Cash,500,Paid
P176,L176,2026-04-01,15508,Cash,1000,Paid
P177,L177,2024-12-29,28059,Bank Transfer,1000,Pending
P178,L178,2025-08-15,34704,UPI,0,Paid
P179,L179,2025-10-19,46297,Bank Transfer,0,Paid
P180,L180,2025-04-12,31257,Card,0,Pending
P181,L181,2026-02-26,42736,UPI,0,Paid
P182,L182,2025-11-06,21358,Card,1000,Pending
P183,L183,2026-02-27,25932,Bank Transfer,500,Paid
P184,L184,2024-09-29,22083,Card,1000,Pending
P185,L185,2025-10-22,23467,Card,0,Pending
P186,L186,2024-06-16,29091,Card,500,Pending
P187,L187,2024-06-09,42381,Card,0,Paid
P188,L188,2024-06-02,41603,Card,0,Pending
P189,L189,2025-11-15,17993,Cash,0,Paid
P190,L190,2025-02-24,31282,Bank Transfer,1000,Pending
P191,L191,2025-11-10,14781,UPI,0,Paid
P192,L192,2025-06-22,42174,UPI,0,Pending
P193,L193,2025-02-03,34734,Bank Transfer,0,Paid
P194,L194,2026-01-20,18313,Card,0,Pending
P195,L195,2026-01-10,37385,Bank Transfer,0,Pending
P196,L196,2026-02-12,18540,Card,0,Paid
P197,L197,2026-04-23,32415,Card,500,Paid
P198,L198,2025-05-21,6885,Cash,0,Paid
P199,L199,2026-02-26,45480,Bank Transfer,0,Pending
P200,L200,2025-12-19,43201,Bank Transfer,0,Paid
P201,L201,2024-07-14,35728,Card,0,Pending
P202,L202,2024-08-30,18907,Bank Transfer,500,Pending
P203,L203,2024-05-27,9787,UPI,1000,Paid
P204,L204,2025-11-25,8415,Cash,0,Pending
P205,L205,2024-08-23,28219,UPI,0,Pending
P206,L206,2026-05-10,38065,Bank Transfer,0,Pending
P207,L207,2025-06-20,48991,Cash,0,Paid
P208,L208,2025-08-04,43042,Card,0,Paid
P209,L209,2026-05-13,38013,Bank Transfer,0,Pending
P210,L210,2024-12-22,13645,UPI,0,Pending
P211,L211,2026-01-05,14292,Cash,0,Pending
P212,L212,2024-05-24,7894,Card,500,Pending
P213,L213,2024-07-06,28631,Bank Transfer,0,Pending
P214,L214,2025-12-11,45169,Cash,1000,Pending
P215,L215,2025-09-09,33558,Card,0,Pending
P216,L216,2024-09-14,14913,Bank Transfer,0,Paid
P217,L217,2025-11-06,14740,UPI,0,Paid
P218,L218,2025-06-24,7350,Bank Transfer,0,Paid
P219,L219,2025-11-21,35614,Bank Transfer,0,Pending
P220,L220,2024-08-31,7673,Bank Transfer,0,Pending
P221,L221,2024-10-15,34999,Bank Transfer,0,Paid
P222,L222,2024-11-07,13103,Cash,0,Paid
P223,L223,2026-01-10,23619,Card,0,Pending
P224,L224,2025-03-10,41912,Card,1000,Paid
P225,L225,2026-02-11,39472,Card,500,Paid
P226,L226,2024-05-27,21132,Bank Transfer,0,Pending
P227,L227,2025-07-31,6701,Cash,0,Pending
P228,L228,2025-04-05,29481,UPI,0,Paid
P229,L229,2025-11-20,6892,UPI,500,Pending
P230,L230,2025-09-23,34756,Cash,1000,Paid
P231,L231,2025-06-23,26589,UPI,1000,Pending
P232,L232,2026-04-28,26293,Card,0,Paid
P233,L233,2024-08-16,47181,Cash,0,Paid
P234,L234,2024-10-10,9634,Bank Transfer,0,Pending
P235,L235,2024-06-04,21722,Card,0,Pending
P236,L236,2024-11-20,10845,UPI,0,Paid
P237,L237,2024-06-25,30460,Bank Transfer,0,Paid
P238,L238,2024-12-09,12903,Cash,500,Pending
P239,L239,2025-05-15,25322,Card,0,Paid
P240,L240,2025-04-01,29081,Card,500,Pending
P241,L241,2025-11-08,30433,Bank Transfer,0,Pending
P242,L242,2024-07-09,10912,Bank Transfer,0,Paid
P243,L243,2025-10-13,33449,Bank Transfer,0,Paid
P244,L244,2025-09-05,38642,Cash,500,Paid
P245,L245,2025-03-28,47441,Card,500,Paid
P246,L246,2025-10-31,24051,Bank Transfer,500,Paid
P247,L247,2026-04-30,36300,Cash,0,Paid
P248,L248,2026-01-08,49847,Cash,0,Pending
P249,L249,2025-05-18,24364,UPI,1000,Paid
P250,L250,2025-12-02,7955,UPI,1000,Pending
P251,L251,2025-07-28,32067,UPI,500,Pending
P252,L252,2024-11-28,28295,Cash,1000,Paid
P253,L253,2024-08-14,37993,UPI,0,Pending
P254,L254,2025-07-18,16767,Card,500,Paid
P255,L255,2026-03-24,10458,Bank Transfer,0,Pending
P256,L256,2026-03-11,43483,Bank Transfer,500,Pending
P257,L257,2025-03-12,27369,Card,0,Paid
P258,L258,2024-09-21,10126,Cash,0,Pending
P259,L259,2025-09-30,40020,UPI,0,Pending
P260,L260,2025-07-02,12646,UPI,0,Pending
P261,L261,2024-11-07,35157,Bank Transfer,1000,Pending
P262,L262,2025-05-28,24844,Cash,500,Pending
P263,L263,2026-01-30,10743,Card,0,Paid
P264,L264,2024-08-02,17504,UPI,0,Paid
P265,L265,2024-10-26,6757,Card,500,Paid
P266,L266,2025-09-19,47581,Card,500,Paid
P267,L267,2024-11-12,10642,Cash,500,Paid
P268,L268,2024-09-27,36063,Bank Transfer,0,Paid
P269,L269,2026-02-24,15885,Card,500,Pending
P270,L270,2025-08-18,35899,UPI,500,Paid
P271,L271,2025-11-28,18194,Cash,1000,Pending
P272,L272,2026-04-24,8337,Cash,0,Paid
P273,L273,2025-04-04,46314,Bank Transfer,500,Pending
P274,L274,2025-07-08,42923,Cash,0,Pending
P275,L275,2024-07-19,31193,Bank Transfer,1000,Pending
P276,L276,2025-02-12,20198,UPI,1000,Paid
P277,L277,2024-06-19,32656,Cash,1000,Paid
P278,L278,2025-07-29,22553,Bank Transfer,500,Paid
P279,L279,2024-08-19,37426,Cash,500,Pending
P280,L280,2024-06-23,6363,Card,0,Paid
P281,L281,2025-11-24,35752,Cash,500,Paid
P282,L282,2024-10-06,38268,Card,1000,Pending
P283,L283,2025-07-18,44459,Bank Transfer,0,Pending
P284,L284,2024-07-28,30583,Bank Transfer,0,Pending
P285,L285,2025-02-01,15618,Card,0,Paid
P286,L286,2024-05-29,48716,Bank Transfer,0,Paid
P287,L287,2024-06-08,18073,Card,1000,Pending
P288,L288,2025-09-22,11612,Bank Transfer,500,Pending
P289,L289,2025-06-16,20382,Card,1000,Paid
P290,L290,2025-09-18,6188,Cash,0,Pending
P291,L291,2024-11-10,49363,Card,0,Paid
P292,L292,2025-10-07,9172,Cash,500,Paid
P293,L293,2024-12-11,45472,Card,0,Paid
P294,L294,2026-03-07,36874,Cash,0,Pending
P295,L295,2025-01-06,8058,Cash,0,Paid
P296,L296,2025-02-17,8304,Bank Transfer,500,Paid
P297,L297,2026-03-04,11939,UPI,1000,Paid
P298,L298,2026-04-18,38246,UPI,0,Paid
P299,L299,2024-10-23,18460,Cash,0,Pending
P300,L300,2024-06-26,33935,Bank Transfer,0,Paid
P301,L301,2025-01-09,47407,Cash,0,Paid
P302,L302,2025-11-03,13059,Card,500,Pending
P303,L303,2024-11-27,5431,Card,500,Pending
P304,L304,2025-06-06,23792,Card,0,Pending
P305,L305,2026-01-16,29407,Bank Transfer,0,Paid
P306,L306,2025-08-20,14935,Bank Transfer,0,Paid
P307,L307,2025-08-08,33103,Bank Transfer,500,Pending
P308,L308,2024-11-23,38826,Cash,0,Pending
P309,L309,2025-07-27,14541,UPI,1000,Paid
P310,L310,2025-01-03,10556,Cash,0,Pending
P311,L311,2025-05-13,15769,Bank Transfer,0,Pending
P312,L312,2024-12-18,7430,Card,1000,Paid
P313,L313,2025-11-15,46393,Cash,500,Pending
P314,L314,2024-09-03,49621,Cash,0,Pending
P315,L315,2026-03-07,5517,Cash,1000,Paid
P316,L316,2025-03-07,31472,Bank Transfer,0,Pending
P317,L317,2025-12-12,27626,Bank Transfer,0,Pending
P318,L318,2025-07-14,10523,UPI,1000,Pending
P319,L319,2025-03-14,30558,Card,1000,Pending
P320,L320,2024-12-19,19007,UPI,1000,Pending
P321,L321,2024-11-13,39166,Cash,0,Paid
P322,L322,2025-07-01,6827,Cash,0,Pending
P323,L323,2024-06-30,32705,UPI,0,Pending
P324,L324,2025-08-20,22023,Cash,0,Paid
P325,L325,2026-04-29,47661,UPI,500,Pending
P326,L326,2024-07-06,42515,UPI,500,Pending
P327,L327,2026-04-16,20472,Card,0,Pending
P328,L328,2025-08-26,23647,Card,500,Paid
P329,L329,2025-03-17,11896,Cash,1000,Paid
P330,L330,2024-08-26,28676,Bank Transfer,0,Paid
P331,L331,2025-10-26,32898,Bank Transfer,0,Paid
P332,L332,2026-04-09,9075,Bank Transfer,0,Pending
P333,L333,2025-08-10,19076,Bank Transfer,0,Pending
P334,L334,2025-07-07,49356,Bank Transfer,1000,Pending
P335,L335,2025-03-23,22281,Bank Transfer,500,Pending
P336,L336,2024-12-06,37082,Bank Transfer,0,Paid
P337,L337,2026-04-24,38147,Card,500,Pending
P338,L338,2026-02-05,13479,UPI,0,Pending
P339,L339,2025-05-01,36021,UPI,0,Pending
P340,L340,2024-09-27,12783,Bank Transfer,0,Paid
P341,L341,2024-09-03,29221,Cash,0,Paid
P342,L342,2026-02-06,12716,Cash,0,Pending
P343,L343,2026-03-13,24874,Cash,500,Paid
P344,L344,2026-03-15,14363,Card,1000,Pending
P345,L345,2025-02-09,8188,Cash,0,Paid
P346,L346,2026-04-28,16998,Bank Transfer,0,Paid
P347,L347,2024-09-24,40883,Cash,0,Paid
P348,L348,2024-08-22,32366,Bank Transfer,1000,Pending
P349,L349,2026-05-14,42077,Bank Transfer,0,Pending
P350,L350,2025-11-01,36144,Card,0,Pending
P351,L351,2025-06-30,34486,Bank Transfer,0,Pending
P352,L352,2025-12-11,10853,Bank Transfer,500,Paid
P353,L353,2024-10-16,30912,Cash,1000,Paid
P354,L354,2025-10-12,48938,Bank Transfer,0,Paid
P355,L355,2026-02-21,15853,UPI,1000,Pending
P356,L356,2025-02-28,41768,UPI,1000,Paid
P357,L357,2024-06-09,17610,UPI,1000,Paid
P358,L358,2025-05-16,36184,UPI,0,Paid
P359,L359,2025-01-15,6243,Cash,0,Paid
P360,L360,2024-12-28,42981,Bank Transfer,0,Pending
P361,L361,2024-11-22,31332,UPI,500,Paid
P362,L362,2025-10-11,27279,Bank Transfer,0,Pending
P363,L363,2026-04-16,6576,Cash,500,Pending
P364,L364,2026-01-22,10965,UPI,0,Paid
P365,L365,2025-07-22,23700,Card,0,Pending
P366,L366,2026-04-24,10873,Card,0,Pending
P367,L367,2025-03-21,49473,Card,0,Pending
P368,L368,2025-09-07,16892,UPI,0,Pending
P369,L369,2026-01-15,30555,UPI,0,Paid
P370,L370,2025-06-17,32054,Cash,0,Pending
P371,L371,2025-04-07,12927,UPI,0,Paid
P372,L372,2025-07-08,44125,Card,500,Pending
P373,L373,2026-01-29,12541,Cash,0,Pending
P374,L374,2024-11-15,35462,Bank Transfer,0,Pending
P375,L375,2024-12-08,6894,Bank Transfer,0,Paid
P376,L376,2025-09-08,22639,UPI,0,Paid
P377,L377,2026-02-04,24963,Bank Transfer,500,Paid
P378,L378,2024-12-23,46667,Card,0,Pending
P379,L379,2025-03-12,40418,Card,0,Pending
P380,L380,2026-05-11,41382,Bank Transfer,0,Paid
P381,L381,2026-04-30,35451,Cash,0,Paid
P382,L382,2024-07-13,8943,Bank Transfer,0,Pending
P383,L383,2025-07-31,49564,Bank Transfer,0,Paid
P384,L384,2025-07-11,43348,Cash,0,Paid
P385,L385,2025-10-28,40002,UPI,0,Paid
P386,L386,2024-05-26,30906,UPI,0,Pending
P387,L387,2024-12-02,33309,Card,1000,Pending
P388,L388,2024-09-08,49702,Cash,0,Pending
P389,L389,2024-10-30,22892,Card,0,Pending
P390,L390,2025-11-29,18803,Bank Transfer,1000,Pending
P391,L391,2024-09-05,6040,Card,0,Pending
P392,L392,2025-04-14,5280,UPI,0,Pending
P393,L393,2024-09-29,41424,Bank Transfer,500,Paid
P394,L394,2024-12-17,47539,UPI,1000,Paid
P395,L395,2024-08-29,49014,Bank Transfer,0,Pending
P396,L396,2024-11-08,29666,Cash,500,Paid
P397,L397,2024-09-11,5552,UPI,500,Pending
P398,L398,2025-10-29,17647,Bank Transfer,0,Paid
P399,L399,2025-09-12,6296,Cash,0,Paid
P400,L400,2025-05-31,10896,Cash,0,Paid
P401,L401,2025-02-02,37362,Cash,0,Pending
P402,L402,2025-01-08,37298,Card,0,Paid
P403,L403,2025-07-29,46840,Bank Transfer,0,Pending
P404,L404,2024-12-21,42296,Bank Transfer,0,Paid
P405,L405,2025-02-05,48243,Card,0,Paid
P406,L406,2025-03-06,9263,Card,0,Paid
P407,L407,2025-01-28,39280,Cash,0,Paid
P408,L408,2025-03-22,49416,Cash,1000,Pending
P409,L409,2025-10-30,5128,Bank Transfer,0,Pending
P410,L410,2025-09-12,33347,Bank Transfer,0,Paid
P411,L411,2024-10-09,49575,Bank Transfer,500,Pending
P412,L412,2025-01-25,38898,UPI,0,Paid
P413,L413,2025-03-20,23214,Bank Transfer,1000,Pending
P414,L414,2024-11-09,25725,UPI,500,Paid
P415,L415,2026-04-21,26935,UPI,1000,Paid
P416,L416,2024-12-07,19786,Bank Transfer,0,Paid
P417,L417,2025-10-29,17902,Card,0,Pending
P418,L418,2025-02-12,9118,UPI,0,Pending
P419,L419,2024-05-24,33308,UPI,1000,Pending
P420,L420,2024-10-13,21410,Card,0,Pending
P421,L421,2025-05-09,20621,Cash,0,Pending
P422,L422,2024-10-20,39057,Card,0,Pending
P423,L423,2025-01-30,11269,Bank Transfer,1000,Paid
P424,L424,2025-04-26,10605,UPI,0,Pending
P425,L425,2025-06-27,25531,UPI,0,Paid
P426,L426,2026-04-09,33961,UPI,0,Pending
P427,L427,2025-08-06,9311,UPI,0,Paid
P428,L428,2026-01-27,24327,Bank Transfer,500,Paid
P429,L429,2025-07-03,45455,Bank Transfer,0,Paid
P430,L430,2026-04-24,34714,Bank Transfer,500,Pending
P431,L431,2024-06-24,45646,UPI,0,Paid
P432,L432,2024-07-13,34758,Cash,1000,Paid
P433,L433,2026-05-07,12078,UPI,0,Paid
P434,L434,2026-03-25,43855,Card,1000,Paid
P435,L435,2024-10-27,46770,Cash,0,Pending
P436,L436,2024-08-25,36548,Bank Transfer,0,Paid
P437,L437,2025-09-22,14022,UPI,0,Paid
P438,L438,2026-03-11,25425,Bank Transfer,1000,Pending
P439,L439,2024-11-04,25394,Card,0,Pending
P440,L440,2025-06-25,25229,Cash,0,Pending
P441,L441,2025-12-29,5529,Card,0,Paid
P442,L442,2026-03-31,38233,UPI,500,Pending
P443,L443,2025-07-04,17806,Card,0,Paid
P444,L444,2024-10-12,27383,Card,500,Pending
P445,L445,2024-12-05,44306,Cash,1000,Pending
P446,L446,2025-11-18,45376,Cash,500,Pending
P447,L447,2025-03-31,15635,UPI,500,Paid
P448,L448,2026-04-22,37501,Card,0,Paid
P449,L449,2025-11-11,20091,Bank Transfer,1000,Paid
P450,L450,2025-08-08,20664,Bank Transfer,0,Pending
P451,L451,2024-07-18,18455,Bank Transfer,0,Paid
P452,L452,2024-11-14,28777,UPI,0,Pending
P453,L453,2025-03-18,6967,UPI,0,Pending
P454,L454,2025-01-18,33862,Card,1000,Pending
P455,L455,2025-02-21,7877,UPI,0,Paid
P456,L456,2024-10-31,23618,Card,0,Pending
P457,L457,2025-10-16,16421,Cash,1000,Paid
P458,L458,2025-09-04,16700,Card,0,Paid
P459,L459,2025-07-13,22156,UPI,0,Paid
P460,L460,2024-11-20,29833,UPI,0,Paid
P461,L461,2025-04-07,24993,Bank Transfer,0,Pending
P462,L462,2025-09-19,29402,Card,1000,Pending
P463,L463,2025-05-06,9284,UPI,0,Paid
P464,L464,2025-07-14,17428,Card,1000,Pending
P465,L465,2024-12-21,29527,Cash,1000,Pending
P466,L466,2025-06-04,46690,Card,0,Paid
P467,L467,2025-04-28,40092,Cash,0,Pending
P468,L468,2025-06-16,21198,UPI,0,Paid
P469,L469,2026-05-14,38309,Bank Transfer,0,Paid
P470,L470,2025-01-17,35845,UPI,0,Pending
P471,L471,2025-10-09,47275,Cash,500,Pending
P472,L472,2025-01-30,16730,Cash,0,Pending
P473,L473,2026-04-02,37426,Bank Transfer,0,Pending
P474,L474,2026-04-27,46818,UPI,0,Paid
P475,L475,2026-03-13,18303,Bank Transfer,0,Pending
P476,L476,2025-11-11,19325,Cash,500,Pending
P477,L477,2024-08-13,42445,Card,0,Pending
P478,L478,2025-12-29,41080,UPI,0,Paid
P479,L479,2024-10-04,24336,Bank Transfer,1000,Pending
P480,L480,2024-12-27,20084,UPI,500,Pending
P481,L481,2025-01-12,32925,Bank Transfer,500,Pending
P482,L482,2024-12-01,31801,Cash,500,Pending
P483,L483,2024-12-23,22892,Bank Transfer,0,Paid
P484,L484,2025-06-30,33946,Card,0,Paid
P485,L485,2024-12-07,28533,UPI,0,Paid
P486,L486,2024-09-01,23115,Card,0,Paid
P487,L487,2024-06-18,9675,Cash,0,Paid
P488,L488,2025-02-17,26873,Card,0,Pending
P489,L489,2026-03-31,24838,Cash,0,Paid
P490,L490,2025-09-13,40594,Cash,0,Pending
P491,L491,2024-12-08,23471,Cash,500,Pending
P492,L492,2024-10-23,43007,UPI,500,Paid
P493,L493,2025-03-09,31050,Card,0,Paid
P494,L494,2025-07-25,36092,Card,1000,Pending
P495,L495,2024-12-11,35238,Cash,0,Pending
P496,L496,2025-09-15,17310,Bank Transfer,500,Paid
P497,L497,2026-01-20,33749,Bank Transfer,1000,Paid
P498,L498,2026-04-01,29556,Card,1000,Paid
P499,L499,2026-04-29,25025,UPI,500,Pending
P500,L500,2025-09-01,27270,Card,500,Pending
